id_rumah_sakit,nama_rumah_sakit,provinsi,kota_kabupaten,kelas_rumah_sakit,kepemilikan,jumlah_tempat_tidur,jumlah_jenis_layanan,jumlah_tenaga_kerja,tingkat_keterisian_tempat_tidur_persen,rata_rata_lama_rawat_hari,kunjungan_pasien_per_bulan,status_implementasi_rme,status_terhubung_satusehat,skor_kematangan_digital,kunjungan_telemedicine_per_bulan,jumlah_perangkat_iot,jumlah_staf_it,anggaran_it_tahunan_juta_rupiah,rata_rata_waktu_respons_rujukan_menit,region,kawasan,efisiensi_anggaran_it,beban_pasien_per_staf,iot_per_tempat_tidur,rasio_adopsi_telemedicine,digital_gap_score,flag_double_inefficiency,flag_kepatuhan_tanpa_kapasitas,cluster,umap_x,umap_y
RS0001,RS Bunda Kasih 1,DKI Jakarta,Kota Cempaka,C,Swasta,61.0,16,390,54.6,5.3,796,Ya,Ya,77.8,262.0,65,4.0,169.3,24.1,Jawa,Barat_Tengah,2.1760925449871467,2.041025641025641,1.0655737704918034,0.32914572864321606,22.50973451327433,0,0,0,12.694029,3.5315871
RS0002,RS Graha Sehat 2,DKI Jakarta,Kota Bukitraya,D,Tni/Polri,54.0,8,171,56.5,5.0,709,Ya,Tidak,74.3,139.0,52,5.0,132.8,25.7,Jawa,Barat_Tengah,1.787348586810229,4.146198830409356,0.9629629629629629,0.19605077574047955,23.813513513513513,0,0,1,11.70733,3.458118
RS0003,RSUD Bhakti Husada 3,DKI Jakarta,Kab. Sukajadi,D,Pemerintah Daerah,73.0,10,159,81.6,2.0,1071,Ya,Ya,72.9,211.0,44,8.0,129.6,51.2,Jawa,Barat_Tengah,1.7777777777777775,6.735849056603773,0.6027397260273972,0.19701213818860877,22.41351351351352,0,0,1,10.3648,2.1864848
RS0004,RSUD Harapan Bangsa 4,DKI Jakarta,Kab. Tanjungsari,C,Pemerintah Daerah,106.0,17,278,74.4,3.3,889,Ya,Ya,66.7,156.0,43,6.0,132.3,17.7,Jawa,Barat_Tengah,1.9835082458770616,3.197841726618705,0.4056603773584906,0.17547806524184478,11.409734513274337,0,0,1,11.349662,2.8910666
RS0005,RSUD Karya Insani 5,DKI Jakarta,Kota Sukajadi,C,Pemerintah Daerah,134.0,12,393,86.2,3.7,1628,Ya,Ya,73.8,90.0,67,4.0,143.3,35.1,Jawa,Barat_Tengah,1.9417344173441737,4.142493638676845,0.5,0.05528255528255528,18.50973451327433,0,0,1,9.563541,3.1086257
RS0006,RS Permata Bunda 6,DKI Jakarta,Kab. Cempaka,B,Tni/Polri,124.0,22,577,71.1,6.0,1490,Ya,Ya,71.5,169.0,44,3.0,153.3,69.2,Jawa,Barat_Tengah,2.1440559440559444,2.582322357019064,0.3548387096774194,0.11342281879194631,6.1000000000000085,0,0,1,11.072464,6.0815735
RS0007,RSUD Cahaya Medika 1,Jawa Barat,Kab. Girisari,C,Pemerintah Daerah,78.0,15,320,71.7,3.1,890,Ya,Ya,63.3,155.0,40,3.0,80.6,40.0,Jawa,Barat_Tengah,1.273301737756714,2.78125,0.5128205128205128,0.17415730337078653,8.009734513274331,0,0,1,10.3807745,2.677657
RS0008,RS Bhakti Husada 2,Jawa Barat,Kota Cempaka,D,Tni/Polri,34.0,8,170,79.7,3.0,558,Ya,Ya,87.7,262.0,22,11.0,157.3,31.2,Jawa,Barat_Tengah,1.7936145952109466,3.2823529411764705,0.6470588235294118,0.46953405017921146,37.21351351351352,0,0,0,13.019963,3.4672985
RS0009,RS Karya Insani 3,Jawa Barat,Kab. Cempaka,B,Tni/Polri,152.0,19,726,89.5,4.4,1948,Ya,Ya,99.0,283.0,72,9.0,208.9,63.4,Jawa,Barat_Tengah,2.11010101010101,2.683195592286501,0.47368421052631576,0.14527720739219713,33.60000000000001,0,0,1,9.897713,1.731786
RS0010,RSUD Citra Medika 4,Jawa Barat,Kota Mekarsari,D,Pemerintah Daerah,43.0,9,169,56.2,2.6,418,Ya,Ya,66.1,136.0,30,1.0,137.7,60.2,Jawa,Barat_Tengah,2.0832072617246595,2.473372781065089,0.6976744186046512,0.3253588516746411,15.61351351351351,0,0,0,12.656,4.464086
RS0011,RSUD Karya Insani 5,Jawa Barat,Kab. Cempaka,D,Pemerintah Daerah,52.0,11,180,69.3,4.5,1014,Tidak,Tidak,75.4,138.0,25,6.0,128.6,21.6,Jawa,Barat_Tengah,1.7055702917771882,5.633333333333334,0.4807692307692308,0.13609467455621302,24.91351351351352,0,0,1,10.671795,3.36
RS0012,RS Sentosa Medika 6,Jawa Barat,Kota Muarabaru,D,Pemerintah Pusat,78.0,5,157,47.5,7.0,660,Ya,Ya,54.5,231.0,22,4.0,74.2,82.7,Jawa,Barat_Tengah,1.3614678899082568,4.203821656050955,0.28205128205128205,0.35,4.013513513513516,0,1,0,12.609911,4.749587
RS0013,RS Sejahtera 1,Jawa Tengah,Kab. Sidomulyo,B,Swasta,315.0,25,525,82.2,4.4,3569,Ya,Ya,90.3,150.0,31,5.0,194.4,33.4,Jawa,Barat_Tengah,2.152823920265781,6.798095238095238,0.09841269841269841,0.04202857943401513,24.900000000000006,0,0,1,9.486741,3.210702
RS0014,RSUD Medika Utama 2,Jawa Tengah,Kota Karangasem,D,Pemerintah Daerah,102.0,11,193,74.4,2.8,1544,Ya,Ya,62.4,136.0,24,1.0,155.5,44.2,Jawa,Barat_Tengah,2.4919871794871797,8.0,0.23529411764705882,0.08808290155440414,11.913513513513514,0,0,1,7.4916754,4.6694202
RS0015,RSUD Karya Insani 3,Jawa Tengah,Kab. Muarabaru,D,Pemerintah Daerah,62.0,10,89,67.1,2.8,848,Ya,Ya,71.8,184.0,19,7.0,141.0,51.5,Jawa,Barat_Tengah,1.9637883008356547,9.52808988764045,0.3064516129032258,0.2169811320754717,21.313513513513513,0,0,0,8.241369,4.427932
RS0016,RSUD Karya Insani 4,Jawa Tengah,Kab. Karangasem,C,Pemerintah Daerah,172.0,14,398,93.5,5.2,2651,Ya,Ya,78.7,169.0,64,8.0,180.4,14.0,Jawa,Barat_Tengah,2.292249047013977,6.660804020100502,0.37209302325581395,0.06374952847981893,23.409734513274337,0,0,1,9.704547,3.0914407
RS0017,RS Graha Sehat 5,Jawa Tengah,Kota Karangasem,D,Swasta,49.0,10,189,90.6,1.5,818,Ya,Ya,63.3,181.0,39,5.0,144.3,11.2,Jawa,Barat_Tengah,2.279620853080569,4.328042328042328,0.7959183673469388,0.22127139364303178,12.813513513513513,0,0,1,11.207182,2.392292
RS0018,RS Permata Bunda 6,Jawa Tengah,Kota Bukitraya,B,Swasta,188.0,24,766,88.7,3.2,3000,Ya,Ya,88.3,184.0,42,4.0,175.9,51.0,Jawa,Barat_Tengah,1.9920724801812006,3.91644908616188,0.22340425531914893,0.06133333333333333,22.900000000000006,0,0,1,9.671443,2.3811808
RS0019,RS Bunda Kasih 7,Jawa Tengah,Kota Sukamaju,C,Bumn,145.0,17,407,74.2,4.9,1688,Ya,Ya,64.0,130.0,40,2.0,115.3,5.0,Jawa,Barat_Tengah,1.8015625,4.1474201474201475,0.27586206896551724,0.07701421800947868,8.709734513274334,0,0,1,10.472658,3.3937345
RS0020,RSUD Sentosa Medika 8,Jawa Tengah,Kota Muarabaru,D,Pemerintah Daerah,70.0,5,166,64.3,4.0,376,Ya,Ya,77.6,149.0,66,5.0,172.7,11.9,Jawa,Barat_Tengah,2.225515463917526,2.2650602409638556,0.9428571428571428,0.3962765957446808,27.11351351351351,0,0,0,12.992253,3.2221258
RS0021,RS Harapan Bangsa 9,Jawa Tengah,Kota Mekarsari,B,Swasta,261.0,24,715,47.3,3.0,3263,Ya,Ya,99.0,170.0,74,5.0,183.3,64.8,Jawa,Barat_Tengah,1.8515151515151516,4.5636363636363635,0.2835249042145594,0.05209929512718357,33.60000000000001,0,0,1,10.487979,5.3860726
RS0022,RSUD Husada Mulia 10,Jawa Tengah,Kota Sukamaju,C,Pemerintah Daerah,134.0,13,234,63.2,2.3,1773,Ya,Tidak,71.9,184.0,51,6.0,182.5,62.1,Jawa,Barat_Tengah,2.5382475660639776,7.576923076923077,0.3805970149253731,0.10377890580936266,16.60973451327434,0,0,1,7.2343187,5.2647433
RS0023,RS Sentosa Medika 1,DI Yogyakarta,Kota Sidomulyo,B,Swasta,334.0,22,529,61.6,3.8,4853,Ya,Ya,96.8,275.0,40,3.0,166.2,11.9,Jawa,Barat_Tengah,1.7169421487603305,9.173913043478262,0.11976047904191617,0.056665979806305375,31.400000000000006,0,0,1,9.089255,4.6299725
RS0024,RS Husada Mulia 2,DI Yogyakarta,Kota Tanjungsari,C,Swasta,138.0,15,434,57.1,4.8,2234,Ya,Ya,66.6,203.0,60,5.0,135.6,63.4,Jawa,Barat_Tengah,2.036036036036036,5.147465437788019,0.43478260869565216,0.09086839749328558,11.309734513274329,0,0,1,10.583447,5.7923336
RS0025,RSUD Permata Bunda 3,DI Yogyakarta,Kota Sidomulyo,A,Pemerintah Daerah,493.0,30,1098,74.1,3.5,5271,Ya,Ya,73.1,114.0,3,4.0,212.1,33.5,Jawa,Barat_Tengah,2.9015047879616964,4.800546448087432,0.006085192697768763,0.021627774615822423,11.931249999999991,0,0,1,6.525717,3.2177966
RS0026,RSUD Graha Sehat 4,DI Yogyakarta,Kota Mekarsari,C,Pemerintah Daerah,140.0,14,334,71.6,6.2,1144,Ya,Ya,94.3,323.0,50,10.0,193.0,23.0,Jawa,Barat_Tengah,2.046659597030753,3.4251497005988023,0.35714285714285715,0.28234265734265734,39.00973451327433,0,0,0,12.451061,2.9755714
RS0027,RSUD Medika Utama 5,DI Yogyakarta,Kab. Wonorejo,A,Pemerintah Daerah,498.0,32,907,77.3,4.7,6667,Ya,Ya,76.1,206.0,59,4.0,174.7,79.1,Jawa,Barat_Tengah,2.295663600525624,7.350606394707828,0.11847389558232932,0.03089845507724614,14.931249999999991,0,0,1,7.092268,5.467494
RS0028,RS Sejahtera 6,DI Yogyakarta,Kab. Tanjungsari,C,Tni/Polri,82.0,16,290,75.7,4.4,1070,Ya,Ya,69.1,171.0,40,5.0,128.1,46.1,Jawa,Barat_Tengah,1.85383502170767,3.689655172413793,0.4878048780487805,0.15981308411214953,13.809734513274329,0,0,1,10.372842,2.3342378
RS0029,RS Husada Mulia 1,Jawa Timur,Kota Muarabaru,C,Bumn,157.0,14,381,50.9,4.5,1700,Ya,Ya,72.4,175.0,34,2.5,190.7,14.0,Jawa,Barat_Tengah,2.6339779005524857,4.4619422572178475,0.21656050955414013,0.10294117647058823,17.10973451327434,0,0,1,7.3413086,2.764638
RS0030,RS Cahaya Medika 2,Jawa Timur,Kota Sukajadi,D,Pemerintah Pusat,63.0,5,210,71.3,2.3,806,Ya,Ya,88.7,316.0,15,7.0,153.9,8.3,Jawa,Barat_Tengah,1.7350620067643743,3.8380952380952382,0.23809523809523808,0.3920595533498759,38.21351351351352,0,0,0,12.856005,3.1721196
RS0031,RSUD Medika Utama 3,Jawa Timur,Kota Sukajadi,D,Pemerintah Daerah,81.0,11,184,62.3,1.7,907,Ya,Ya,63.8,244.0,8,8.0,198.6,38.9,Jawa,Barat_Tengah,3.1128526645768027,4.929347826086956,0.09876543209876543,0.269018743109151,13.313513513513513,0,0,0,5.844579,2.3655524
RS0032,RSUD Citra Medika 4,Jawa Timur,Kota Bukitraya,B,Pemerintah Daerah,137.0,23,933,65.6,6.4,1458,Ya,Ya,82.6,257.0,55,5.0,214.9,42.5,Jawa,Barat_Tengah,2.6016949152542375,1.562700964630225,0.40145985401459855,0.17626886145404663,17.200000000000003,0,0,1,11.451581,3.9848454
RS0033,RS Citra Medika 5,Jawa Timur,Kab. Sukajadi,C,Swasta,110.0,14,377,58.0,2.5,1315,Ya,Ya,74.6,172.0,25,7.0,161.0,86.6,Jawa,Barat_Tengah,2.1581769436997322,3.4880636604774535,0.22727272727272727,0.13079847908745248,19.30973451327433,0,0,1,11.164184,6.2445855
RS0034,RS Graha Sehat 6,Jawa Timur,Kota Tanjungsari,C,Swasta,144.0,15,401,36.5,3.1,669,Ya,Ya,73.6,114.0,66,5.0,176.4,20.0,Jawa,Barat_Tengah,2.3967391304347827,1.6683291770573565,0.4583333333333333,0.17040358744394618,18.30973451327433,0,0,1,11.778452,4.2240047
RS0035,RS Harapan Bangsa 1,Banten,Kota Wonorejo,C,Swasta,89.0,11,375,65.1,2.6,1130,Ya,Ya,68.2,172.0,26,3.0,142.5,34.1,Jawa,Barat_Tengah,2.089442815249267,3.013333333333333,0.29213483146067415,0.15221238938053097,12.909734513274337,0,0,1,11.42433,3.6536298
RS0036,RSUD Husada Mulia 2,Banten,Kab. Wonorejo,D,Pemerintah Daerah,37.0,6,223,70.2,5.2,221,Ya,Ya,72.8,187.0,32,5.0,158.0,5.0,Jawa,Barat_Tengah,2.1703296703296706,0.9910313901345291,0.8648648648648649,0.8461538461538461,22.313513513513513,0,0,0,13.247242,3.675766
RS0037,RS Bunda Kasih 3,Banten,Kab. Tanjungsari,B,Swasta,225.0,24,913,55.1,5.3,3482,Ya,Ya,91.2,175.0,68,10.0,212.5,58.1,Jawa,Barat_Tengah,2.330043859649123,3.813800657174151,0.3022222222222222,0.05025847214244687,25.80000000000001,0,0,1,10.972193,5.2416425
RS0038,RSUD Sentosa Medika 4,Banten,Kota Sukamaju,C,Pemerintah Daerah,66.0,11,236,73.6,4.3,1045,Ya,Ya,65.2,145.0,42,5.0,110.0,40.6,Jawa,Barat_Tengah,1.687116564417178,4.427966101694915,0.6363636363636364,0.13875598086124402,9.909734513274337,0,0,1,10.303893,2.889507
RS0039,RS Karya Insani 5,Banten,Kab. Cempaka,D,Swasta,60.0,11,128,82.4,4.3,666,Ya,Ya,68.5,152.0,53,7.0,169.8,47.9,Jawa,Barat_Tengah,2.4788321167883214,5.203125,0.8833333333333333,0.22822822822822822,18.013513513513516,0,0,1,10.586005,1.5110762
RS0040,RS Bhakti Husada 6,Banten,Kota Sumberjaya,C,Swasta,82.0,16,327,52.0,3.6,661,Ya,Ya,76.0,160.0,60,6.0,163.6,5.0,Jawa,Barat_Tengah,2.1526315789473682,2.021406727828746,0.7317073170731707,0.24205748865355523,20.709734513274334,0,0,0,12.211947,3.4790325
RS0041,RS Citra Medika 7,Banten,Kota Sidomulyo,D,Swasta,78.0,8,189,94.7,4.2,1080,Ya,Ya,85.6,254.0,42,10.0,165.7,37.7,Jawa,Barat_Tengah,1.935747663551402,5.714285714285714,0.5384615384615384,0.2351851851851852,35.11351351351351,0,0,1,10.619658,1.7484965
RS0042,RS Citra Medika 8,Banten,Kota Sumberjaya,C,Swasta,149.0,13,339,47.8,4.1,2053,Ya,Ya,87.1,161.0,46,8.0,152.2,51.1,Jawa,Barat_Tengah,1.7474167623421355,6.056047197640118,0.3087248322147651,0.0784218217243059,31.80973451327433,0,0,1,9.833013,5.3227377
RS0043,RS Permata Bunda 9,Banten,Kab. Karangasem,B,Swasta,235.0,20,675,52.4,2.7,2368,Ya,Ya,86.6,168.0,65,7.0,199.6,59.6,Jawa,Barat_Tengah,2.304849884526559,3.5081481481481482,0.2765957446808511,0.07094594594594594,21.200000000000003,0,0,1,10.937283,5.361136
RS0044,RS Husada Mulia 1,Bali,Kota Bukitraya,B,Swasta,189.0,22,524,59.3,6.9,2403,Ya,Ya,96.5,163.0,53,7.0,233.4,32.6,Indonesia Timur,Timur,2.4186528497409325,4.58587786259542,0.2804232804232804,0.06783187682064086,31.10000000000001,0,0,1,10.813872,4.5458646
RS0045,RSUD Citra Medika 2,Bali,Kab. Tanjungsari,D,Pemerintah Daerah,68.0,5,175,94.4,4.0,835,Ya,Ya,84.4,159.0,73,5.0,167.7,37.0,Indonesia Timur,Timur,1.9869668246445495,4.771428571428571,1.0735294117647058,0.19041916167664671,33.91351351351352,0,0,1,10.4403715,1.8068753
RS0046,RS Permata Bunda 3,Bali,Kota Cempaka,B,Tni/Polri,310.0,25,581,72.7,1.5,2303,Ya,Ya,85.1,305.0,66,7.0,164.3,5.0,Indonesia Timur,Timur,1.930669800235018,3.963855421686747,0.2129032258064516,0.13243595310464612,19.700000000000003,0,0,1,10.9351845,3.4611707
RS0047,RS Citra Medika 4,Bali,Kab. Bukitraya,B,Tni/Polri,180.0,23,505,57.6,5.4,1680,Ya,Ya,86.0,262.0,58,4.0,168.4,32.8,Indonesia Timur,Timur,1.958139534883721,3.3267326732673266,0.32222222222222224,0.15595238095238095,20.60000000000001,0,0,1,11.416129,4.0217776
RS0048,RS Bhakti Husada 5,Bali,Kota Tanjungsari,C,Tni/Polri,88.0,15,292,63.8,3.6,1238,Ya,Ya,82.4,171.0,71,3.0,176.7,72.0,Indonesia Timur,Timur,2.144417475728155,4.239726027397261,0.8068181818181818,0.1381260096930533,27.10973451327434,0,0,1,11.368766,5.8914766
RS0049,RS Karya Insani 6,Bali,Kota Sukajadi,D,Pemerintah Pusat,71.0,7,166,73.3,2.6,666,Ya,Ya,75.4,179.0,32,5.0,122.6,5.5,Indonesia Timur,Timur,1.625994694960212,4.0120481927710845,0.4507042253521127,0.26876876876876876,24.91351351351352,0,0,0,12.189294,2.8151865
RS0050,RS Sejahtera 7,Bali,Kab. Mekarsari,B,Swasta,204.0,20,578,84.6,4.5,3012,Ya,Ya,89.2,249.0,59,6.0,206.6,23.2,Indonesia Timur,Timur,2.3161434977578472,5.211072664359862,0.28921568627450983,0.08266932270916334,23.80000000000001,0,0,1,9.679914,2.9615262
RS0051,RS Medika Utama 1,Sumatera Utara,Kab. Karangasem,D,Swasta,70.0,11,180,65.1,4.3,672,Ya,Ya,58.4,102.0,42,5.0,94.0,74.0,Sumatera,Barat_Tengah,1.6095890410958904,3.7333333333333334,0.6,0.15178571428571427,7.913513513513514,0,0,1,10.216595,6.224761
RS0052,RSUD Permata Bunda 2,Sumatera Utara,Kab. Wonorejo,C,Pemerintah Daerah,115.0,15,263,64.8,2.1,1242,Ya,Ya,71.6,166.0,56,5.0,121.0,66.3,Sumatera,Barat_Tengah,1.6899441340782124,4.722433460076045,0.48695652173913045,0.13365539452495975,16.30973451327433,0,0,1,10.141402,6.005557
RS0053,RS Husada Mulia 3,Sumatera Utara,Kab. Girisari,C,Tni/Polri,115.0,11,363,70.5,3.3,1824,Ya,Ya,59.3,204.0,28,4.0,146.7,75.8,Sumatera,Barat_Tengah,2.4738617200674535,5.024793388429752,0.24347826086956523,0.1118421052631579,4.009734513274331,0,0,1,6.5749693,5.9576335
RS0054,RS Bhakti Husada 4,Sumatera Utara,Kab. Wonorejo,D,Bumn,69.0,8,149,64.6,4.3,1202,Ya,Ya,42.8,167.0,33,3.0,68.3,42.8,Sumatera,Barat_Tengah,1.5957943925233646,8.06711409395973,0.4782608695652174,0.1389351081530782,-7.686486486486487,0,1,1,8.092105,5.0161467
RS0055,RSUD Medika Utama 5,Sumatera Utara,Kota Sukamaju,C,Pemerintah Daerah,97.0,11,343,65.7,5.9,1055,Ya,Ya,54.8,45.0,41,3.0,153.1,44.1,Sumatera,Barat_Tengah,2.7937956204379564,3.075801749271137,0.422680412371134,0.04265402843601896,-0.4902654867256686,0,1,1,5.5966034,3.5936422
RS0056,RS Citra Medika 6,Sumatera Utara,Kab. Sidomulyo,D,Pemerintah Pusat,51.0,6,201,69.5,4.2,557,Ya,Ya,61.7,198.0,57,3.0,148.5,15.1,Sumatera,Barat_Tengah,2.406807131280389,2.771144278606965,1.1176470588235294,0.35547576301615796,11.213513513513519,0,0,0,12.930958,3.41095
RS0057,RS Bhakti Husada 7,Sumatera Utara,Kota Wonorejo,B,Swasta,165.0,24,902,57.3,4.4,1935,Ya,Ya,87.6,189.0,31,6.0,137.7,7.9,Sumatera,Barat_Tengah,1.571917808219178,2.145232815964523,0.18787878787878787,0.09767441860465116,22.200000000000003,0,0,1,11.180029,3.8772936
RS0058,RS Citra Medika 8,Sumatera Utara,Kota Sukamaju,C,Swasta,78.0,11,398,55.0,6.1,549,Ya,Ya,65.4,153.0,37,9.0,106.9,32.4,Sumatera,Barat_Tengah,1.6345565749235473,1.379396984924623,0.47435897435897434,0.2786885245901639,10.10973451327434,0,0,0,12.330856,4.0013046
RS0059,RSUD Medika Utama 9,Sumatera Utara,Kota Sukajadi,B,Pemerintah Daerah,180.0,21,722,51.3,5.9,3034,Ya,Ya,69.6,210.0,14,2.0,89.0,48.9,Sumatera,Barat_Tengah,1.278735632183908,4.202216066481994,0.07777777777777778,0.06921555702043507,4.200000000000003,0,0,1,9.636507,6.214562
RS0060,RS Bhakti Husada 1,Sumatera Barat,Kota Sukamaju,A,Pemerintah Pusat,342.0,35,1236,76.7,6.2,4466,Ya,Ya,65.5,227.0,28,5.0,152.2,75.7,Sumatera,Barat_Tengah,2.3236641221374046,3.6132686084142396,0.08187134502923976,0.05082848186296462,4.331249999999997,0,0,1,6.3712225,5.8831053
RS0061,RS Husada Mulia 2,Sumatera Barat,Kab. Muarabaru,C,Pemerintah Pusat,107.0,16,363,61.2,5.5,1424,Ya,Ya,75.6,194.0,43,5.0,199.6,29.6,Sumatera,Barat_Tengah,2.6402116402116405,3.922865013774105,0.40186915887850466,0.13623595505617977,20.30973451327433,0,0,1,7.595994,2.6192799
RS0062,RSUD Graha Sehat 3,Sumatera Barat,Kab. Sumberjaya,D,Pemerintah Daerah,69.0,11,187,84.7,1.5,970,Ya,Tidak,67.4,179.0,34,6.0,135.9,42.6,Sumatera,Barat_Tengah,2.016320474777448,5.18716577540107,0.4927536231884058,0.18453608247422681,16.91351351351352,0,0,1,10.283034,1.8178109
RS0063,RSUD Sentosa Medika 4,Sumatera Barat,Kab. Sukajadi,D,Pemerintah Daerah,90.0,9,171,38.8,5.0,1068,Ya,Ya,45.3,115.0,27,2.0,102.8,5.0,Sumatera,Barat_Tengah,2.2693156732891833,6.245614035087719,0.3,0.10767790262172285,-5.186486486486487,0,1,1,7.766865,3.3653612
RS0064,RS Citra Medika 5,Sumatera Barat,Kab. Girisari,C,Pemerintah Pusat,109.0,12,322,67.7,2.2,1222,Ya,Ya,68.8,115.0,49,4.0,129.9,46.8,Sumatera,Barat_Tengah,1.8880813953488373,3.7950310559006213,0.44954128440366975,0.09410801963993454,13.509734513274331,0,0,1,10.315086,4.708003
RS0065,RSUD Medika Utama 6,Sumatera Barat,Kota Sumberjaya,B,Pemerintah Daerah,116.0,20,593,74.1,3.5,2386,Tidak,Tidak,70.9,134.0,56,4.0,158.4,46.7,Sumatera,Barat_Tengah,2.234132581100141,4.023608768971332,0.4827586206896552,0.056160938809723386,5.500000000000014,0,0,1,9.8193865,3.8925505
RS0066,RSUD Citra Medika 1,Riau,Kota Sukajadi,C,Pemerintah Daerah,136.0,11,390,80.1,3.7,1189,Ya,Ya,81.0,259.0,40,8.0,122.4,63.2,Sumatera,Barat_Tengah,1.511111111111111,3.0487179487179485,0.29411764705882354,0.21783010933557612,25.709734513274334,0,0,1,10.342236,2.0222795
RS0067,RS Sejahtera 2,Riau,Kota Muarabaru,D,Swasta,66.0,11,187,43.5,4.3,492,Ya,Ya,54.4,216.0,16,3.0,113.8,52.7,Sumatera,Barat_Tengah,2.0919117647058822,2.6310160427807485,0.24242424242424243,0.43902439024390244,3.9135135135135144,0,1,0,13.027962,4.238726
RS0068,RS Sejahtera 3,Riau,Kota Tanjungsari,C,Tni/Polri,133.0,11,396,77.7,4.5,1694,Ya,Tidak,65.2,254.0,19,4.0,122.9,52.4,Sumatera,Barat_Tengah,1.8849693251533743,4.277777777777778,0.14285714285714285,0.14994096812278632,9.909734513274337,0,0,1,10.029184,2.1800985
RS0069,RS Husada Mulia 4,Riau,Kota Sukajadi,D,Swasta,80.0,11,198,55.2,5.3,952,Tidak,Tidak,61.9,134.0,41,7.0,136.0,58.2,Sumatera,Barat_Tengah,2.1970920840064623,4.808080808080808,0.5125,0.1407563025210084,11.413513513513514,0,0,1,11.370183,5.670768
RS0070,RSUD Husada Mulia 5,Riau,Kota Cempaka,D,Pemerintah Daerah,63.0,8,148,66.0,4.6,1190,Ya,Ya,14.5,0.0,10,0.0,82.1,53.8,Sumatera,Barat_Tengah,5.662068965517241,8.04054054054054,0.15873015873015872,0.0,-35.986486486486484,0,1,1,4.531305,2.6543863
RS0071,RSUD Bunda Kasih 6,Riau,Kota Muarabaru,C,Pemerintah Daerah,108.0,15,308,68.6,2.5,1011,Ya,Ya,85.6,265.0,68,7.0,198.8,5.0,Sumatera,Barat_Tengah,2.322429906542056,3.2824675324675323,0.6296296296296297,0.26211671612265086,30.30973451327433,0,0,0,12.398401,3.1197774
RS0072,RSUD Sejahtera 7,Riau,Kab. Tanjungsari,B,Pemerintah Daerah,209.0,24,772,80.3,2.4,2171,Ya,Ya,48.5,115.0,42,5.0,87.1,35.7,Sumatera,Barat_Tengah,1.7958762886597937,2.812176165803109,0.20095693779904306,0.05297098111469369,-16.89999999999999,0,1,1,9.253019,3.8515215
RS0073,RS Sejahtera 8,Riau,Kota Bukitraya,B,Swasta,159.0,19,505,67.4,6.8,1756,Ya,Ya,74.5,180.0,28,6.0,101.5,49.9,Sumatera,Barat_Tengah,1.3624161073825503,3.477227722772277,0.1761006289308176,0.10250569476082004,9.100000000000009,0,0,1,9.781258,5.638166
RS0074,RSUD Graha Sehat 1,Kepulauan Riau,Kab. Sumberjaya,C,Pemerintah Daerah,98.0,11,303,76.6,4.9,1464,Ya,Tidak,42.8,131.0,34,3.0,43.6,26.7,Sumatera,Barat_Tengah,1.0186915887850467,4.8316831683168315,0.3469387755102041,0.08948087431693989,-12.490265486725669,0,1,1,9.387721,4.543627
RS0075,RSUD Graha Sehat 2,Kepulauan Riau,Kota Mekarsari,B,Pemerintah Daerah,127.0,19,916,46.1,3.3,1894,Ya,Ya,76.1,200.0,32,7.0,166.8,10.9,Sumatera,Barat_Tengah,2.1918528252299607,2.067685589519651,0.25196850393700787,0.10559662090813093,10.700000000000003,0,0,1,11.300587,4.022708
RS0076,RSUD Medika Utama 3,Kepulauan Riau,Kota Bukitraya,C,Pemerintah Daerah,144.0,16,272,100.0,4.6,1258,Ya,Ya,48.2,69.0,27,1.0,107.4,22.9,Sumatera,Barat_Tengah,2.228215767634855,4.625,0.1875,0.054848966613672494,-7.090265486725663,0,1,1,9.172089,3.0587502
RS0077,RS Cahaya Medika 4,Kepulauan Riau,Kab. Sidomulyo,A,Swasta,434.0,34,933,65.6,3.3,7285,Ya,Ya,64.6,168.0,23,2.0,101.0,48.8,Sumatera,Barat_Tengah,1.563467492260062,7.808145766345123,0.052995391705069124,0.02306108442004118,3.4312499999999915,0,0,1,8.678373,5.388049
RS0078,RSUD Bunda Kasih 5,Kepulauan Riau,Kota Girisari,D,Pemerintah Daerah,59.0,5,172,69.1,3.3,1040,Ya,Ya,46.3,137.0,38,3.0,102.2,13.3,Sumatera,Barat_Tengah,2.207343412526998,6.046511627906977,0.6440677966101694,0.13173076923076923,-4.186486486486487,0,1,1,8.300306,2.974808
RS0079,RSUD Sejahtera 6,Kepulauan Riau,Kab. Cempaka,C,Pemerintah Daerah,121.0,13,442,72.0,5.6,1941,Ya,Ya,71.6,141.0,27,6.0,148.4,40.1,Sumatera,Barat_Tengah,2.0726256983240225,4.391402714932127,0.2231404958677686,0.07264296754250386,16.30973451327433,0,0,1,10.000944,4.0616746
RS0080,RS Graha Sehat 7,Kepulauan Riau,Kota Sukamaju,C,Swasta,47.0,13,195,46.1,4.7,809,Ya,Ya,56.6,161.0,29,4.0,115.9,47.8,Sumatera,Barat_Tengah,2.047703180212014,4.148717948717949,0.6170212765957447,0.19901112484548825,1.3097345132743357,0,1,1,11.820781,5.1300187
RS0081,RSUD Husada Mulia 8,Kepulauan Riau,Kota Sidomulyo,D,Pemerintah Daerah,86.0,9,164,81.8,4.7,1225,Ya,Ya,50.0,73.0,45,3.0,69.7,17.5,Sumatera,Barat_Tengah,1.3940000000000001,7.469512195121951,0.5232558139534884,0.05959183673469388,-0.4864864864864842,0,1,1,9.267356,4.3882594
RS0082,RS Permata Bunda 9,Kepulauan Riau,Kab. Tanjungsari,C,Swasta,100.0,16,272,61.5,7.3,1102,Tidak,Tidak,56.3,50.0,41,4.5,131.6,22.7,Sumatera,Barat_Tengah,2.3374777975133214,4.051470588235294,0.41,0.045372050816696916,1.0097345132743314,0,0,1,7.5153112,3.0001369
RS0083,RS Cahaya Medika 1,Jambi,Kab. Bukitraya,C,Swasta,177.0,14,334,60.6,5.0,2226,Ya,Ya,70.3,170.0,18,5.0,131.9,12.4,Sumatera,Barat_Tengah,1.87624466571835,6.664670658682635,0.1016949152542373,0.07637017070979335,15.009734513274331,0,0,1,9.608694,4.1185794
RS0084,RS Harapan Bangsa 2,Jambi,Kab. Sukamaju,B,Bumn,168.0,19,620,56.5,3.6,2188,Ya,Ya,72.5,148.0,48,3.0,145.7,49.8,Sumatera,Barat_Tengah,2.009655172413793,3.529032258064516,0.2857142857142857,0.06764168190127971,7.1000000000000085,0,0,1,10.714844,5.583313
RS0085,RS Sentosa Medika 3,Jambi,Kota Sukajadi,C,Swasta,129.0,11,354,53.6,4.3,1586,Tidak,Tidak,48.7,87.0,28,7.0,164.4,35.4,Sumatera,Barat_Tengah,3.375770020533881,4.480225988700565,0.21705426356589147,0.05485498108448928,-6.590265486725663,0,0,1,5.126999,3.2991133
RS0086,RS Permata Bunda 4,Jambi,Kab. Sidomulyo,B,Pemerintah Pusat,266.0,19,907,88.5,5.3,2058,Ya,Ya,66.6,194.0,46,5.0,111.8,22.0,Sumatera,Barat_Tengah,1.6786786786786787,2.269018743109151,0.17293233082706766,0.09426627793974733,1.2000000000000028,0,0,1,9.459754,2.7982817
RS0087,RS Karya Insani 5,Jambi,Kota Girisari,C,Pemerintah Pusat,129.0,14,193,67.4,4.8,1634,Ya,Ya,63.9,181.0,39,4.0,124.0,44.5,Sumatera,Barat_Tengah,1.9405320813771518,8.466321243523316,0.3023255813953488,0.11077111383108935,8.609734513274333,0,0,1,8.208387,4.772405
RS0088,RS Sejahtera 6,Jambi,Kota Sumberjaya,B,Tni/Polri,272.0,24,425,78.8,5.8,2975,Ya,Ya,69.3,201.0,65,5.0,92.0,54.2,Sumatera,Barat_Tengah,1.3275613275613276,7.0,0.23897058823529413,0.06756302521008403,3.9000000000000057,0,0,1,9.084444,5.2711735
RS0089,RS Sentosa Medika 1,Sumatera Selatan,Kab. Girisari,D,Bumn,71.0,9,115,47.0,2.5,756,Ya,Ya,62.9,182.0,26,5.0,155.3,20.6,Sumatera,Barat_Tengah,2.468998410174881,6.573913043478261,0.36619718309859156,0.24074074074074073,12.413513513513514,0,0,1,7.820164,3.0130966
RS0090,RSUD Medika Utama 2,Sumatera Selatan,Kota Cempaka,A,Pemerintah Daerah,423.0,29,1123,72.1,4.4,4909,Ya,Ya,64.7,82.0,27,8.0,162.1,34.9,Sumatera,Barat_Tengah,2.5054095826893352,4.371326803205699,0.06382978723404255,0.01670401303727847,3.53125,0,0,1,6.603062,3.2145076
RS0091,RSUD Husada Mulia 3,Sumatera Selatan,Kab. Muarabaru,B,Pemerintah Daerah,186.0,25,484,71.7,2.8,2104,Ya,Ya,74.8,163.0,34,6.0,104.4,49.7,Sumatera,Barat_Tengah,1.3957219251336899,4.347107438016529,0.1827956989247312,0.07747148288973384,9.400000000000006,0,0,1,9.586435,5.484533
RS0092,RS Husada Mulia 4,Sumatera Selatan,Kab. Tanjungsari,B,Pemerintah Pusat,101.0,23,435,68.5,4.4,1682,Ya,Ya,77.4,286.0,65,7.0,130.4,22.3,Sumatera,Barat_Tengah,1.6847545219638242,3.8666666666666667,0.6435643564356436,0.1700356718192628,12.000000000000014,0,0,1,11.54111,3.1559913
RS0093,RSUD Sentosa Medika 5,Sumatera Selatan,Kab. Sukamaju,C,Pemerintah Daerah,155.0,15,296,53.8,5.3,1051,Ya,Ya,54.2,112.0,31,4.0,103.0,38.0,Sumatera,Barat_Tengah,1.9003690036900367,3.550675675675676,0.2,0.1065651760228354,-1.090265486725663,0,1,1,10.505356,5.887151
RS0094,RS Medika Utama 6,Sumatera Selatan,Kota Cempaka,D,Swasta,84.0,10,118,55.3,3.1,1044,Tidak,Tidak,40.4,127.0,32,3.0,73.9,55.8,Sumatera,Barat_Tengah,1.8292079207920795,8.847457627118644,0.38095238095238093,0.12164750957854406,-10.086486486486486,0,0,1,7.819321,5.3452277
RS0095,RS Karya Insani 7,Sumatera Selatan,Kab. Bukitraya,C,Swasta,89.0,12,241,66.8,3.6,1017,Tidak,Tidak,51.0,119.0,14,5.0,117.7,41.0,Sumatera,Barat_Tengah,2.307843137254902,4.219917012448133,0.15730337078651685,0.11701081612586037,-4.290265486725666,0,0,1,8.150586,2.4334118
RS0096,RS Citra Medika 8,Sumatera Selatan,Kota Wonorejo,A,Swasta,476.0,32,963,56.7,2.4,7411,Ya,Ya,78.9,171.0,49,6.0,142.8,42.0,Sumatera,Barat_Tengah,1.8098859315589353,7.695742471443406,0.10294117647058823,0.02307380920253677,17.731250000000003,0,0,1,8.880253,4.921499
RS0097,RS Bhakti Husada 9,Sumatera Selatan,Kab. Sukajadi,C,Swasta,129.0,17,303,76.8,2.6,2214,Ya,Ya,52.6,59.0,46,2.0,144.4,46.4,Sumatera,Barat_Tengah,2.7452471482889735,7.306930693069307,0.35658914728682173,0.026648599819331528,-2.6902654867256643,0,1,1,6.6950855,4.0706406
RS0098,RSUD Karya Insani 10,Sumatera Selatan,Kota Muarabaru,D,Pemerintah Daerah,50.0,10,172,86.3,3.6,515,Ya,Ya,40.5,93.0,0,4.0,81.0,53.1,Sumatera,Barat_Tengah,2.0,2.994186046511628,0.0,0.18058252427184465,-9.986486486486484,0,1,1,9.273587,1.6908779
RS0099,RS Karya Insani 1,Bengkulu,Kab. Mekarsari,B,Swasta,236.0,23,636,50.9,5.7,2690,Ya,Ya,89.0,301.0,38,4.0,199.4,45.5,Sumatera,Barat_Tengah,2.2404494382022473,4.229559748427673,0.16101694915254236,0.11189591078066914,23.60000000000001,0,0,1,11.092349,5.0220976
RS0100,RS Citra Medika 2,Bengkulu,Kab. Bukitraya,D,Swasta,38.0,9,160,40.3,3.9,307,Ya,Ya,54.6,147.0,45,3.0,83.0,20.2,Sumatera,Barat_Tengah,1.52014652014652,1.91875,1.1842105263157894,0.4788273615635179,4.113513513513517,0,1,0,13.266751,4.0777416
RS0101,RSUD Citra Medika 3,Bengkulu,Kota Sidomulyo,C,Pemerintah Daerah,132.0,13,205,76.8,4.4,1614,Tidak,Tidak,59.9,198.0,32,5.0,132.7,59.7,Sumatera,Barat_Tengah,2.2153589315525877,7.873170731707317,0.24242424242424243,0.12267657992565056,4.609734513274333,0,0,1,7.7560725,4.63432
RS0102,RS Cahaya Medika 4,Bengkulu,Kab. Cempaka,C,Tni/Polri,127.0,17,235,80.8,4.5,1426,Ya,Ya,67.3,155.0,25,6.0,153.5,42.7,Sumatera,Barat_Tengah,2.2808320950965824,6.068085106382979,0.1968503937007874,0.10869565217391304,12.009734513274331,0,0,1,8.626585,3.3957517
RS0103,RS Graha Sehat 5,Bengkulu,Kota Karangasem,B,Tni/Polri,222.0,21,583,72.5,3.2,2329,Ya,Ya,65.7,191.0,52,10.0,128.7,58.9,Sumatera,Barat_Tengah,1.958904109589041,3.9948542024013722,0.23423423423423423,0.08200944611421211,0.30000000000001137,0,0,1,10.0256605,4.966636
RS0104,RS Sejahtera 6,Bengkulu,Kab. Wonorejo,D,Swasta,100.0,11,141,71.1,5.0,964,Ya,Ya,41.7,71.0,24,2.0,68.1,64.0,Sumatera,Barat_Tengah,1.633093525179856,6.836879432624113,0.24,0.07365145228215768,-8.786486486486481,1,1,1,8.113398,5.882243
RS0105,RSUD Bunda Kasih 7,Bengkulu,Kota Cempaka,C,Pemerintah Daerah,137.0,17,415,51.0,4.6,1607,Ya,Ya,65.3,200.0,25,3.0,130.0,52.3,Sumatera,Barat_Tengah,1.990811638591118,3.872289156626506,0.18248175182481752,0.12445550715619166,10.009734513274331,0,0,1,11.064114,5.5688
RS0106,RS Husada Mulia 8,Bengkulu,Kab. Sidomulyo,A,Swasta,213.0,33,821,70.4,1.8,2313,Ya,Ya,73.2,177.0,27,3.0,152.7,35.1,Sumatera,Barat_Tengah,2.0860655737704916,2.817295980511571,0.1267605633802817,0.07652399481193256,12.03125,0,0,1,10.3598795,4.1578298
RS0107,RS Citra Medika 1,Lampung,Kab. Sukamaju,C,Swasta,138.0,11,357,68.2,4.1,1530,Ya,Ya,63.3,207.0,50,3.0,134.2,44.7,Sumatera,Barat_Tengah,2.1200631911532386,4.285714285714286,0.36231884057971014,0.13529411764705881,8.009734513274331,0,0,1,10.190145,3.6528304
RS0108,RS Sentosa Medika 2,Lampung,Kota Tanjungsari,C,Swasta,87.0,15,276,66.7,3.0,1174,Ya,Ya,84.2,125.0,53,4.0,170.6,19.4,Sumatera,Barat_Tengah,2.026128266033254,4.253623188405797,0.6091954022988506,0.10647359454855196,28.909734513274337,0,0,1,10.885071,3.7762485
RS0109,RSUD Bhakti Husada 3,Lampung,Kab. Tanjungsari,C,Pemerintah Daerah,101.0,17,299,71.5,5.6,1063,Tidak,Tidak,72.0,233.0,50,3.0,157.9,24.1,Sumatera,Barat_Tengah,2.1930555555555555,3.5551839464882944,0.49504950495049505,0.21919096895578552,16.709734513274334,0,0,1,11.776861,3.0284197
RS0110,RSUD Citra Medika 4,Lampung,Kab. Muarabaru,C,Pemerintah Daerah,143.0,16,272,60.3,1.6,1871,Ya,Ya,52.5,143.0,0,1.0,161.7,68.7,Sumatera,Barat_Tengah,3.0799999999999996,6.8786764705882355,0.0,0.07642971672902191,-2.7902654867256658,0,1,1,6.210139,4.7933846
RS0111,RS Bunda Kasih 5,Lampung,Kab. Cempaka,B,Pemerintah Pusat,258.0,23,675,63.7,3.6,2438,Ya,Ya,77.4,189.0,46,4.0,146.6,29.2,Sumatera,Barat_Tengah,1.8940568475452195,3.611851851851852,0.17829457364341086,0.07752255947497949,12.000000000000014,0,0,1,10.705579,4.132304
RS0112,RS Permata Bunda 6,Lampung,Kab. Sukajadi,C,Swasta,120.0,15,402,73.9,5.8,1339,Ya,Ya,61.4,182.0,31,9.0,123.7,5.0,Sumatera,Barat_Tengah,2.0146579804560263,3.3308457711442787,0.25833333333333336,0.13592233009708737,6.109734513274333,0,0,1,10.982237,3.1420581
RS0113,RS Husada Mulia 7,Lampung,Kota Mekarsari,B,Swasta,229.0,19,521,65.3,1.5,2450,Ya,Ya,69.1,278.0,30,7.0,181.4,21.4,Sumatera,Barat_Tengah,2.6251808972503623,4.702495201535509,0.13100436681222707,0.11346938775510204,3.700000000000003,0,0,1,7.067215,2.8054698
RS0114,RSUD Citra Medika 1,Bangka Belitung,Kota Cempaka,B,Pemerintah Daerah,255.0,22,653,63.1,4.8,3919,Ya,Ya,68.4,186.0,46,8.0,118.1,63.5,Sumatera,Barat_Tengah,1.7266081871345027,6.001531393568147,0.1803921568627451,0.04746108701199286,3.000000000000014,0,0,1,9.120661,5.868204
RS0115,RSUD Graha Sehat 2,Bangka Belitung,Kota Girisari,C,Pemerintah Daerah,112.0,11,469,60.8,5.1,1397,Ya,Ya,53.7,156.0,38,6.0,78.4,59.6,Sumatera,Barat_Tengah,1.4599627560521415,2.978678038379531,0.3392857142857143,0.11166785969935576,-1.590265486725663,0,1,1,9.968954,6.5124483
RS0116,RS Permata Bunda 3,Bangka Belitung,Kab. Girisari,C,Swasta,70.0,12,270,55.9,2.1,714,Ya,Ya,44.1,132.0,38,4.0,81.9,5.0,Sumatera,Barat_Tengah,1.8571428571428572,2.6444444444444444,0.5428571428571428,0.18487394957983194,-11.190265486725664,0,1,1,11.423029,3.0455325
RS0117,RSUD Medika Utama 4,Bangka Belitung,Kab. Tanjungsari,C,Pemerintah Daerah,76.0,12,461,83.9,6.9,1183,Ya,Ya,49.1,111.0,42,3.0,110.8,84.3,Sumatera,Barat_Tengah,2.256619144602851,2.5661605206073754,0.5526315789473685,0.09382924767540152,-6.190265486725664,0,1,1,5.954696,6.32634
RS0118,RSUD Sentosa Medika 5,Bangka Belitung,Kab. Muarabaru,B,Pemerintah Daerah,206.0,21,530,62.7,3.6,3562,Ya,Tidak,69.3,240.0,49,7.0,209.9,30.0,Sumatera,Barat_Tengah,3.028860028860029,6.720754716981132,0.23786407766990292,0.06737787759685569,3.9000000000000057,0,0,1,6.4231935,3.077237
RS0119,RS Harapan Bangsa 6,Bangka Belitung,Kota Girisari,A,Tni/Polri,408.0,32,936,86.5,5.1,5084,Ya,Ya,50.9,157.0,16,2.0,100.6,38.5,Sumatera,Barat_Tengah,1.9764243614931236,5.431623931623932,0.0392156862745098,0.03088119590873328,-10.268750000000004,0,1,1,8.86485,3.642823
RS0120,RS Bhakti Husada 7,Bangka Belitung,Kota Muarabaru,D,Tni/Polri,29.0,9,196,79.9,6.0,325,Tidak,Tidak,46.6,130.0,23,3.0,106.6,48.6,Sumatera,Barat_Tengah,2.2875536480686693,1.6581632653061225,0.7931034482758621,0.4,-3.8864864864864828,0,0,0,12.898592,3.81486
RS0121,RSUD Bhakti Husada 1,Aceh,Kota Girisari,B,Pemerintah Daerah,279.0,24,579,73.0,5.4,2948,Ya,Ya,59.4,145.0,28,6.0,165.0,78.3,Sumatera,Barat_Tengah,2.7777777777777777,5.09153713298791,0.1003584229390681,0.04918588873812754,-5.999999999999993,0,0,1,6.170729,5.3928514
RS0122,RS Harapan Bangsa 2,Aceh,Kota Sidomulyo,C,Bumn,102.0,13,455,67.0,3.7,1046,Ya,Ya,43.5,89.0,0,7.0,115.3,72.8,Sumatera,Barat_Tengah,2.650574712643678,2.2989010989010987,0.0,0.08508604206500955,-11.790265486725666,1,1,1,4.833587,4.458424
RS0123,RS Sentosa Medika 3,Aceh,Kota Tanjungsari,C,Swasta,114.0,16,230,63.6,6.8,1325,Ya,Tidak,38.5,141.0,33,3.0,77.2,17.9,Sumatera,Barat_Tengah,2.0051948051948054,5.760869565217392,0.2894736842105263,0.10641509433962264,-16.790265486725666,0,1,1,8.267998,3.1792781
RS0124,RS Permata Bunda 4,Aceh,Kota Sumberjaya,D,Swasta,65.0,7,86,74.2,1.8,1011,Ya,Ya,67.2,252.0,38,3.0,146.0,54.3,Sumatera,Barat_Tengah,2.1726190476190474,11.755813953488373,0.5846153846153846,0.24925816023738873,16.71351351351352,0,0,0,8.058298,4.5758038
RS0125,RS Husada Mulia 5,Aceh,Kab. Sumberjaya,C,Tni/Polri,131.0,15,254,72.3,5.0,2520,Ya,Ya,74.5,233.0,68,6.0,189.3,48.3,Sumatera,Barat_Tengah,2.5409395973154365,9.921259842519685,0.5190839694656488,0.09246031746031746,19.209734513274334,0,0,1,7.5759916,4.772761
RS0126,RS Permata Bunda 6,Aceh,Kab. Sukamaju,D,Swasta,78.0,8,96,49.4,2.0,943,Ya,Ya,43.5,128.0,17,3.0,118.9,41.9,Sumatera,Barat_Tengah,2.7333333333333334,9.822916666666666,0.21794871794871795,0.1357370095440085,-6.986486486486484,0,1,1,7.156185,4.5902724
RS0127,RS Sejahtera 1,Kalimantan Barat,Kab. Sumberjaya,C,Swasta,96.0,14,305,69.3,2.9,1121,Ya,Ya,49.8,128.0,48,2.0,108.6,70.4,Kalimantan,Barat_Tengah,2.180722891566265,3.675409836065574,0.5,0.11418376449598573,-5.490265486725669,0,1,1,6.948144,6.3681207
RS0128,RSUD Karya Insani 2,Kalimantan Barat,Kota Muarabaru,D,Pemerintah Daerah,56.0,5,162,99.0,2.8,620,Ya,Ya,57.1,202.0,60,3.0,130.0,70.8,Kalimantan,Barat_Tengah,2.276707530647986,3.8271604938271606,1.0714285714285714,0.3258064516129032,6.613513513513517,0,1,0,10.725041,1.429239
RS0129,RS Citra Medika 3,Kalimantan Barat,Kota Girisari,B,Swasta,167.0,19,650,58.8,5.1,1738,Ya,Ya,53.9,150.0,17,4.0,116.5,55.8,Kalimantan,Barat_Tengah,2.1614100185528757,2.6738461538461538,0.10179640718562874,0.08630609896432681,-11.499999999999993,0,1,1,10.6814995,6.428718
RS0130,RS Sejahtera 4,Kalimantan Barat,Kab. Bukitraya,B,Swasta,122.0,23,834,50.1,2.9,1762,Ya,Ya,63.3,124.0,35,7.0,86.3,70.8,Kalimantan,Barat_Tengah,1.363349131121643,2.1127098321342928,0.28688524590163933,0.07037457434733257,-2.0999999999999943,0,0,1,9.714171,6.698839
RS0131,RS Permata Bunda 5,Kalimantan Barat,Kota Sumberjaya,C,Swasta,94.0,15,214,67.3,5.1,1127,Tidak,Tidak,68.0,158.0,31,6.0,139.6,38.4,Kalimantan,Barat_Tengah,2.052941176470588,5.266355140186916,0.32978723404255317,0.1401952085181899,12.709734513274334,0,0,1,9.888153,3.6001732
RS0132,RSUD Permata Bunda 6,Kalimantan Barat,Kota Cempaka,C,Pemerintah Daerah,87.0,11,428,49.8,6.4,1131,Ya,Ya,37.2,73.0,34,0.0,57.7,43.9,Kalimantan,Barat_Tengah,1.5510752688172043,2.642523364485981,0.39080459770114945,0.0645446507515473,-18.090265486725663,0,1,1,9.949417,6.8007827
RS0133,RS Permata Bunda 1,Kalimantan Tengah,Kota Sukamaju,D,Bumn,47.0,6,139,45.3,4.3,506,Ya,Ya,68.2,120.0,47,6.0,133.0,53.9,Kalimantan,Barat_Tengah,1.9501466275659822,3.6402877697841727,1.0,0.23715415019762845,17.71351351351352,0,0,1,12.1132,4.8847446
RS0134,RS Harapan Bangsa 2,Kalimantan Tengah,Kab. Tanjungsari,B,Swasta,181.0,19,625,65.7,3.6,2301,Ya,Ya,59.5,136.0,42,6.0,121.0,34.9,Kalimantan,Barat_Tengah,2.033613445378151,3.6816,0.23204419889502761,0.05910473707083876,-5.8999999999999915,0,0,1,10.029899,4.4784856
RS0135,RS Medika Utama 3,Kalimantan Tengah,Kab. Muarabaru,C,Pemerintah Pusat,100.0,15,405,83.4,5.1,1138,Ya,Ya,65.1,142.0,31,3.0,124.3,53.7,Kalimantan,Barat_Tengah,1.9093701996927805,2.8098765432098767,0.31,0.12478031634446397,9.809734513274329,0,0,1,9.535185,1.8276453
RS0136,RS Sejahtera 4,Kalimantan Tengah,Kab. Sukajadi,B,Pemerintah Pusat,268.0,20,502,68.1,3.5,3005,Ya,Ya,92.7,171.0,36,6.0,126.5,47.6,Kalimantan,Barat_Tengah,1.3646170442286947,5.98605577689243,0.13432835820895522,0.05690515806988353,27.30000000000001,0,0,1,9.49033,5.455077
RS0137,RSUD Harapan Bangsa 5,Kalimantan Tengah,Kab. Sidomulyo,C,Pemerintah Daerah,140.0,12,277,66.5,4.9,1741,Ya,Ya,80.1,255.0,78,4.0,176.5,38.5,Kalimantan,Barat_Tengah,2.203495630461923,6.285198555956678,0.5571428571428572,0.14646754738655945,24.80973451327433,0,0,1,8.981432,3.9327664
RS0138,RS Harapan Bangsa 6,Kalimantan Tengah,Kab. Tanjungsari,C,Bumn,141.0,17,262,67.1,4.4,1683,Ya,Ya,56.6,138.0,47,3.0,161.2,15.8,Kalimantan,Barat_Tengah,2.8480565371024733,6.423664122137405,0.3333333333333333,0.08199643493761141,1.3097345132743357,0,1,1,6.687991,2.9250696
RS0139,RS Citra Medika 7,Kalimantan Tengah,Kab. Karangasem,C,Swasta,87.0,17,369,60.5,3.1,1008,Ya,Ya,58.8,99.0,27,0.0,115.9,62.3,Kalimantan,Barat_Tengah,1.9710884353741498,2.731707317073171,0.3103448275862069,0.09821428571428571,3.5097345132743314,0,0,1,10.681936,6.40108
RS0140,RS Sentosa Medika 8,Kalimantan Tengah,Kota Tanjungsari,D,Tni/Polri,64.0,8,183,55.9,5.3,522,Ya,Ya,46.0,53.0,30,6.0,104.8,69.3,Kalimantan,Barat_Tengah,2.278260869565217,2.8524590163934427,0.46875,0.10153256704980843,-4.486486486486484,0,1,1,10.684977,6.8490953
RS0141,RS Bhakti Husada 1,Kalimantan Selatan,Kab. Cempaka,C,Swasta,120.0,17,401,80.8,3.3,909,Ya,Ya,52.2,151.0,31,8.0,88.4,33.8,Kalimantan,Barat_Tengah,1.6934865900383143,2.266832917705736,0.25833333333333336,0.16611661166116612,-3.090265486725663,0,1,1,9.550295,1.9246827
RS0142,RSUD Sentosa Medika 2,Kalimantan Selatan,Kota Sumberjaya,D,Pemerintah Daerah,39.0,8,145,91.0,5.8,533,Ya,Ya,60.4,93.0,56,4.0,110.0,41.2,Kalimantan,Barat_Tengah,1.8211920529801324,3.6758620689655173,1.435897435897436,0.17448405253283303,9.913513513513514,0,0,1,9.9598465,1.6293324
RS0143,RS Sentosa Medika 3,Kalimantan Selatan,Kota Wonorejo,D,Swasta,77.0,9,158,67.6,4.6,732,Ya,Ya,46.5,136.0,19,7.0,71.9,16.7,Kalimantan,Barat_Tengah,1.546236559139785,4.632911392405063,0.24675324675324675,0.18579234972677597,-3.986486486486484,0,1,1,10.995851,2.7591672
RS0144,RS Sentosa Medika 4,Kalimantan Selatan,Kota Tanjungsari,D,Swasta,75.0,5,169,66.7,6.2,1054,Ya,Ya,43.0,95.0,23,2.0,154.9,23.5,Kalimantan,Barat_Tengah,3.6023255813953488,6.236686390532545,0.30666666666666664,0.09013282732447818,-7.486486486486484,0,1,1,5.168615,2.6930282
RS0145,RS Sentosa Medika 5,Kalimantan Selatan,Kab. Cempaka,C,Swasta,126.0,12,378,85.5,5.1,1382,Ya,Ya,77.5,166.0,50,7.0,151.2,32.6,Kalimantan,Barat_Tengah,1.9509677419354838,3.6560846560846563,0.3968253968253968,0.12011577424023155,22.209734513274334,0,0,1,9.736376,2.5092409
RS0146,RS Graha Sehat 6,Kalimantan Selatan,Kab. Tanjungsari,C,Swasta,142.0,12,258,89.0,4.7,1312,Ya,Ya,52.9,85.0,36,0.0,84.7,46.7,Kalimantan,Barat_Tengah,1.6011342155009454,5.0852713178294575,0.2535211267605634,0.06478658536585366,-2.390265486725667,0,1,1,9.0413685,4.2584763
RS0147,RSUD Bunda Kasih 7,Kalimantan Selatan,Kab. Girisari,D,Pemerintah Daerah,58.0,10,130,55.5,3.6,588,Ya,Tidak,54.3,111.0,38,7.0,114.7,55.7,Kalimantan,Barat_Tengah,2.112338858195212,4.523076923076923,0.6551724137931034,0.18877551020408162,3.813513513513513,0,1,1,11.745855,5.340683
RS0148,RSUD Harapan Bangsa 8,Kalimantan Selatan,Kota Karangasem,C,Pemerintah Daerah,91.0,12,324,99.0,4.4,1314,Tidak,Tidak,52.6,111.0,16,4.0,119.6,51.7,Kalimantan,Barat_Tengah,2.2737642585551328,4.055555555555555,0.17582417582417584,0.08447488584474885,-2.6902654867256643,0,0,1,9.06675,2.2434251
RS0149,RS Bhakti Husada 9,Kalimantan Selatan,Kab. Sukamaju,B,Bumn,231.0,24,745,60.7,3.6,2046,Ya,Ya,87.2,203.0,28,4.0,182.7,16.4,Kalimantan,Barat_Tengah,2.095183486238532,2.7463087248322147,0.12121212121212122,0.0992179863147605,21.80000000000001,0,0,1,11.000667,4.0499945
RS0150,RS Harapan Bangsa 10,Kalimantan Selatan,Kab. Tanjungsari,B,Swasta,271.0,23,717,82.7,4.1,3812,Tidak,Tidak,52.4,199.0,38,3.0,133.8,49.3,Kalimantan,Barat_Tengah,2.553435114503817,5.316596931659693,0.14022140221402213,0.05220356768100735,-12.999999999999993,0,0,1,6.5938916,3.962145
RS0151,RSUD Harapan Bangsa 1,Kalimantan Timur,Kab. Girisari,B,Pemerintah Daerah,308.0,23,712,75.8,4.1,4314,Ya,Ya,58.0,176.0,36,5.0,130.5,52.1,Kalimantan,Barat_Tengah,2.25,6.058988764044944,0.11688311688311688,0.04079740380157627,-7.3999999999999915,0,0,1,7.30954,4.426972
RS0152,RS Harapan Bangsa 2,Kalimantan Timur,Kab. Cempaka,D,Pemerintah Pusat,50.0,9,107,79.7,4.1,717,Ya,Ya,68.8,199.0,23,4.0,153.1,46.3,Kalimantan,Barat_Tengah,2.2252906976744184,6.700934579439252,0.46,0.2775453277545328,18.313513513513513,0,0,0,10.877781,1.6317846
RS0153,RSUD Husada Mulia 3,Kalimantan Timur,Kab. Wonorejo,C,Pemerintah Daerah,101.0,11,485,59.3,3.0,1205,Ya,Ya,40.5,151.0,15,4.0,113.15,64.6,Kalimantan,Barat_Tengah,2.7938271604938274,2.484536082474227,0.1485148514851485,0.12531120331950207,-14.790265486725666,1,1,1,5.0996795,3.7705038
RS0154,RS Permata Bunda 4,Kalimantan Timur,Kota Wonorejo,D,Swasta,33.0,11,171,63.0,2.4,295,Ya,Ya,54.6,129.0,6,2.0,100.1,47.6,Kalimantan,Barat_Tengah,1.8333333333333333,1.7251461988304093,0.18181818181818182,0.43728813559322033,4.113513513513517,0,1,0,13.095615,4.1155033
RS0155,RSUD Cahaya Medika 5,Kalimantan Timur,Kab. Girisari,D,Pemerintah Daerah,40.0,8,205,60.3,4.3,592,Ya,Ya,43.1,103.0,33,4.0,123.1,29.4,Kalimantan,Barat_Tengah,2.8561484918793503,2.8878048780487804,0.825,0.17398648648648649,-7.386486486486483,0,1,1,6.1289916,2.5498686
RS0156,RSUD Bunda Kasih 6,Kalimantan Timur,Kota Tanjungsari,C,Pemerintah Daerah,156.0,11,387,61.7,6.2,1753,Ya,Ya,59.0,76.0,28,6.0,89.9,34.6,Kalimantan,Barat_Tengah,1.523728813559322,4.529715762273902,0.1794871794871795,0.04335424985738734,3.7097345132743342,0,0,1,9.65373,5.863812
RS0157,RS Bhakti Husada 7,Kalimantan Timur,Kota Karangasem,C,Swasta,147.0,11,431,67.4,2.4,2185,Ya,Ya,61.1,157.0,47,5.0,158.7,50.4,Kalimantan,Barat_Tengah,2.5973813420621927,5.069605568445476,0.3197278911564626,0.07185354691075514,5.809734513274336,0,0,1,6.4727044,3.6657975
RS0158,RSUD Citra Medika 8,Kalimantan Timur,Kab. Mekarsari,B,Pemerintah Daerah,201.0,25,530,65.5,3.7,1517,Ya,Ya,85.3,144.0,53,8.0,165.5,54.4,Kalimantan,Barat_Tengah,1.94021101992966,2.862264150943396,0.263681592039801,0.09492419248516809,19.900000000000006,0,0,1,10.795434,4.9119186
RS0159,RSUD Karya Insani 9,Kalimantan Timur,Kota Sumberjaya,C,Pemerintah Daerah,172.0,17,306,75.8,3.4,2729,Ya,Ya,49.1,94.0,33,4.0,96.0,46.6,Kalimantan,Barat_Tengah,1.955193482688391,8.918300653594772,0.19186046511627908,0.03444485159399047,-6.190265486725664,0,1,1,8.024332,4.944166
RS0160,RSUD Sentosa Medika 10,Kalimantan Timur,Kab. Tanjungsari,C,Pemerintah Daerah,181.0,11,452,83.2,5.3,1422,Ya,Ya,64.2,173.0,60,4.0,139.0,65.2,Kalimantan,Barat_Tengah,2.1651090342679127,3.146017699115044,0.3314917127071823,0.12165963431786217,8.909734513274337,0,0,1,9.02603,2.0218596
RS0161,RSUD Permata Bunda 1,Kalimantan Utara,Kab. Bukitraya,B,Pemerintah Daerah,262.0,23,705,64.1,3.9,2341,Ya,Ya,54.2,137.0,17,3.0,119.0,13.5,Kalimantan,Barat_Tengah,2.195571955719557,3.3205673758865246,0.0648854961832061,0.05852199914566424,-11.199999999999989,0,1,1,7.859541,2.7594175
RS0162,RSUD Bhakti Husada 2,Kalimantan Utara,Kab. Sukajadi,D,Pemerintah Daerah,37.0,11,180,59.3,3.5,430,Ya,Ya,32.5,116.0,19,2.0,10.9,52.5,Kalimantan,Barat_Tengah,0.3353846153846154,2.388888888888889,0.5135135135135135,0.26976744186046514,-17.986486486486484,0,1,0,10.28551,5.53278
RS0163,RSUD Harapan Bangsa 3,Kalimantan Utara,Kota Mekarsari,C,Pemerintah Daerah,81.0,11,348,64.1,2.9,1277,Ya,Ya,42.2,95.0,26,2.0,111.7,56.7,Kalimantan,Barat_Tengah,2.646919431279621,3.6695402298850577,0.32098765432098764,0.07439310884886452,-13.090265486725663,0,1,1,5.166158,4.023432
RS0164,RS Citra Medika 4,Kalimantan Utara,Kab. Sukamaju,C,Swasta,119.0,13,247,42.0,3.6,2043,Ya,Tidak,30.8,47.0,24,1.0,69.0,39.9,Kalimantan,Barat_Tengah,2.24025974025974,8.271255060728745,0.20168067226890757,0.023005384238864415,-24.490265486725665,0,1,1,7.140593,4.112779
RS0165,RS Karya Insani 5,Kalimantan Utara,Kota Sumberjaya,C,Swasta,170.0,15,286,81.2,4.4,2211,Ya,Ya,7.3,0.0,0,4.5,36.0,60.1,Kalimantan,Barat_Tengah,4.931506849315069,7.730769230769231,0.0,0.0,-47.99026548672567,1,1,1,4.672354,2.5363438
RS0166,RS Permata Bunda 6,Kalimantan Utara,Kota Karangasem,C,Swasta,131.0,16,409,69.4,3.8,2494,Tidak,Tidak,49.1,160.0,26,5.0,92.1,48.7,Kalimantan,Barat_Tengah,1.875763747454175,6.097799511002445,0.1984732824427481,0.06415396952686447,-6.190265486725664,0,0,1,8.082876,5.3437104
RS0167,RS Cahaya Medika 7,Kalimantan Utara,Kota Cempaka,C,Pemerintah Pusat,107.0,12,287,64.8,5.2,1324,Ya,Ya,43.5,144.0,12,4.0,74.7,23.5,Kalimantan,Barat_Tengah,1.717241379310345,4.613240418118467,0.11214953271028037,0.10876132930513595,-11.790265486725666,0,1,1,8.89062,3.275304
RS0168,RS Sejahtera 8,Kalimantan Utara,Kota Girisari,C,Pemerintah Pusat,63.0,11,436,64.9,5.7,726,Ya,Ya,22.4,0.0,6,3.0,6.8,75.0,Kalimantan,Barat_Tengah,0.3035714285714286,1.665137614678899,0.09523809523809523,0.0,-32.89026548672567,1,1,1,9.034681,6.982183
RS0169,RS Harapan Bangsa 9,Kalimantan Utara,Kota Sukajadi,D,Swasta,70.0,8,153,82.0,5.6,1088,Ya,Ya,26.7,0.0,15,5.0,67.0,50.8,Kalimantan,Barat_Tengah,2.5093632958801497,7.111111111111111,0.21428571428571427,0.0,-23.786486486486485,0,1,1,6.490999,4.585064
RS0170,RS Cahaya Medika 10,Kalimantan Utara,Kota Muarabaru,D,Tni/Polri,84.0,7,194,67.2,4.2,763,Ya,Ya,37.6,47.0,36,2.0,98.9,52.6,Kalimantan,Barat_Tengah,2.63031914893617,3.9329896907216493,0.42857142857142855,0.061598951507208385,-12.886486486486483,0,1,1,5.353406,4.0582175
RS0171,RSUD Medika Utama 1,Sulawesi Utara,Kab. Wonorejo,B,Pemerintah Daerah,241.0,19,384,56.6,4.4,3040,Ya,Ya,84.7,165.0,81,5.0,194.1,43.4,Sulawesi,Barat_Tengah,2.291617473435655,7.916666666666667,0.3360995850622407,0.054276315789473686,19.30000000000001,0,0,1,8.287003,4.64106
RS0172,RSUD Sejahtera 2,Sulawesi Utara,Kota Mekarsari,C,Pemerintah Daerah,151.0,14,374,78.0,4.3,1677,Ya,Ya,43.8,129.0,23,5.0,78.2,77.3,Sulawesi,Barat_Tengah,1.7853881278538815,4.483957219251337,0.152317880794702,0.07692307692307693,-11.490265486725669,1,1,1,7.513502,6.3627224
RS0173,RSUD Medika Utama 3,Sulawesi Utara,Kota Girisari,D,Pemerintah Daerah,67.0,11,165,77.0,6.9,655,Ya,Ya,54.4,40.0,47,5.0,84.4,52.2,Sulawesi,Barat_Tengah,1.5514705882352942,3.9696969696969697,0.7014925373134329,0.061068702290076333,3.9135135135135144,0,1,1,9.178225,5.385899
RS0174,RS Bhakti Husada 4,Sulawesi Utara,Kab. Bukitraya,C,Swasta,96.0,13,355,99.0,2.4,1290,Ya,Ya,79.6,226.0,30,9.0,187.5,53.3,Sulawesi,Barat_Tengah,2.355527638190955,3.6338028169014085,0.3125,0.17519379844961241,24.30973451327433,0,0,1,10.1426525,1.5048686
RS0175,RSUD Karya Insani 5,Sulawesi Utara,Kab. Muarabaru,C,Pemerintah Daerah,118.0,15,266,72.6,3.4,1916,Ya,Ya,52.4,125.0,31,5.0,107.8,45.4,Sulawesi,Barat_Tengah,2.0572519083969465,7.203007518796992,0.2627118644067797,0.0652400835073069,-2.890265486725667,0,1,1,7.7727823,4.9511476
RS0176,RS Sentosa Medika 6,Sulawesi Utara,Kab. Sukajadi,D,Swasta,78.0,10,201,91.3,4.1,1170,Ya,Ya,42.2,128.0,35,1.0,57.0,20.7,Sulawesi,Barat_Tengah,1.3507109004739335,5.82089552238806,0.44871794871794873,0.1094017094017094,-8.286486486486481,0,1,1,9.350793,4.180765
RS0177,RSUD Cahaya Medika 7,Sulawesi Utara,Kota Bukitraya,C,Pemerintah Daerah,121.0,16,368,62.0,4.6,1139,Ya,Ya,66.6,215.0,48,5.0,150.0,41.9,Sulawesi,Barat_Tengah,2.2522522522522523,3.095108695652174,0.39669421487603307,0.1887620719929763,11.309734513274329,0,0,1,11.794193,4.0390553
RS0178,RSUD Bhakti Husada 8,Sulawesi Utara,Kab. Karangasem,C,Pemerintah Daerah,134.0,12,417,61.7,2.8,1519,Ya,Ya,41.7,50.0,20,4.0,98.4,59.0,Sulawesi,Barat_Tengah,2.3597122302158273,3.642685851318945,0.14925373134328357,0.032916392363396975,-13.590265486725663,0,1,1,5.2373557,4.4885216
RS0179,RS Graha Sehat 1,Sulawesi Tengah,Kota Sukamaju,C,Swasta,61.0,16,344,75.3,3.9,687,Ya,Ya,48.5,132.0,11,2.0,87.8,45.2,Sulawesi,Barat_Tengah,1.8103092783505155,1.997093023255814,0.18032786885245902,0.19213973799126638,-6.790265486725666,0,1,1,9.646335,1.9297857
RS0180,RS Harapan Bangsa 2,Sulawesi Tengah,Kota Sidomulyo,C,Swasta,122.0,12,239,87.4,4.5,1534,Ya,Ya,67.2,191.0,65,7.0,138.5,46.4,Sulawesi,Barat_Tengah,2.0610119047619047,6.418410041841004,0.5327868852459017,0.12451108213820078,11.909734513274337,0,0,1,9.753331,2.5949528
RS0181,RS Husada Mulia 3,Sulawesi Tengah,Kota Sukajadi,B,Swasta,223.0,24,543,44.7,5.4,3273,Ya,Ya,84.5,163.0,62,12.0,163.0,29.8,Sulawesi,Barat_Tengah,1.9289940828402368,6.027624309392265,0.27802690582959644,0.049801405438435684,19.10000000000001,0,0,1,9.145204,4.8897924
RS0182,RSUD Sentosa Medika 4,Sulawesi Tengah,Kab. Bukitraya,D,Pemerintah Daerah,52.0,9,163,80.9,4.8,705,Ya,Ya,34.7,122.0,20,3.0,111.8,44.1,Sulawesi,Barat_Tengah,3.221902017291066,4.325153374233129,0.38461538461538464,0.17304964539007092,-15.786486486486481,0,1,1,5.2941656,2.7875652
RS0183,RSUD Harapan Bangsa 5,Sulawesi Tengah,Kota Bukitraya,C,Pemerintah Daerah,91.0,13,330,68.6,6.5,744,Ya,Ya,57.1,104.0,35,2.0,114.6,76.0,Sulawesi,Barat_Tengah,2.0070052539404553,2.2545454545454544,0.38461538461538464,0.13978494623655913,1.8097345132743357,0,1,1,10.913535,6.537154
RS0184,RS Bhakti Husada 6,Sulawesi Tengah,Kota Karangasem,D,Swasta,69.0,11,150,70.2,4.1,750,Ya,Ya,60.1,164.0,44,0.0,107.3,37.9,Sulawesi,Barat_Tengah,1.7853577371048253,5.0,0.6376811594202898,0.21866666666666668,9.613513513513517,0,0,1,10.955862,2.5389793
RS0185,RS Karya Insani 7,Sulawesi Tengah,Kab. Sidomulyo,C,Swasta,98.0,15,383,71.2,4.5,841,Ya,Ya,76.7,246.0,38,5.0,179.5,81.0,Sulawesi,Barat_Tengah,2.3402868318122554,2.195822454308094,0.3877551020408163,0.2925089179548157,21.409734513274337,0,0,0,12.13285,4.6274066
RS0186,RSUD Medika Utama 8,Sulawesi Tengah,Kab. Sumberjaya,D,Pemerintah Daerah,68.0,8,131,80.1,3.1,599,Ya,Ya,48.0,121.0,3,4.0,174.8,21.1,Sulawesi,Barat_Tengah,3.641666666666667,4.572519083969466,0.04411764705882353,0.2020033388981636,-2.486486486486484,0,1,1,5.35235,2.4760962
RS0187,RS Bunda Kasih 9,Sulawesi Tengah,Kab. Mekarsari,B,Tni/Polri,220.0,19,592,72.4,4.9,1728,Tidak,Tidak,51.4,191.0,24,5.0,154.2,37.2,Sulawesi,Barat_Tengah,3.0,2.918918918918919,0.10909090909090909,0.11053240740740741,-13.999999999999993,0,0,1,5.5453095,2.9822328
RS0188,RSUD Husada Mulia 10,Sulawesi Tengah,Kab. Karangasem,C,Pemerintah Daerah,498.0,12,207,64.3,3.3,880,Ya,Ya,61.6,130.0,20,3.0,120.5,5.0,Sulawesi,Barat_Tengah,1.9561688311688312,4.251207729468599,0.040160642570281124,0.14772727272727273,6.309734513274336,0,0,1,11.13975,3.20364
RS0189,RS Cahaya Medika 1,Sulawesi Selatan,Kab. Sukamaju,B,Pemerintah Pusat,318.0,24,744,86.9,7.3,3220,Ya,Ya,80.0,196.0,31,4.0,126.5,5.0,Sulawesi,Barat_Tengah,1.58125,4.327956989247312,0.09748427672955975,0.06086956521739131,14.600000000000009,0,0,1,10.11857,3.2646093
RS0190,RSUD Husada Mulia 2,Sulawesi Selatan,Kab. Mekarsari,B,Pemerintah Daerah,232.0,22,555,78.6,4.7,3809,Ya,Ya,52.8,146.0,27,3.0,88.6,50.7,Sulawesi,Barat_Tengah,1.678030303030303,6.863063063063063,0.11637931034482758,0.03833027041218168,-12.599999999999994,0,1,1,8.492831,5.1834702
RS0191,RS Karya Insani 3,Sulawesi Selatan,Kab. Sidomulyo,C,Tni/Polri,164.0,16,320,99.0,4.1,1761,Ya,Ya,60.4,169.0,33,4.0,110.5,5.0,Sulawesi,Barat_Tengah,1.8294701986754967,5.503125,0.20121951219512196,0.09596819988642817,5.109734513274333,0,0,1,9.664154,3.3491368
RS0192,RS Karya Insani 4,Sulawesi Selatan,Kab. Mekarsari,D,Swasta,47.0,6,230,71.3,6.4,750,Ya,Ya,44.5,126.0,9,0.0,105.7,55.7,Sulawesi,Barat_Tengah,2.3752808988764045,3.260869565217391,0.19148936170212766,0.168,-5.986486486486484,0,1,1,8.459881,2.0081148
RS0193,RS Medika Utama 5,Sulawesi Selatan,Kab. Girisari,C,Pemerintah Pusat,129.0,14,290,58.3,5.0,1582,Ya,Ya,54.3,141.0,28,2.0,110.2,41.1,Sulawesi,Barat_Tengah,2.0294659300184166,5.455172413793103,0.21705426356589147,0.08912768647281921,-0.9902654867256686,0,1,1,8.177027,4.006886
RS0194,RSUD Medika Utama 6,Sulawesi Selatan,Kota Cempaka,D,Pemerintah Daerah,73.0,7,242,70.4,4.1,962,Ya,Ya,46.3,150.0,41,5.0,146.4,42.4,Sulawesi,Barat_Tengah,3.1619870410367175,3.975206611570248,0.5616438356164384,0.15592515592515593,-4.186486486486487,0,1,1,5.4707313,2.6758106
RS0195,RS Bhakti Husada 7,Sulawesi Selatan,Kota Wonorejo,C,Swasta,79.0,14,302,70.3,7.1,948,Ya,Tidak,50.3,83.0,24,5.0,92.4,43.9,Sulawesi,Barat_Tengah,1.8369781312127238,3.1390728476821192,0.3037974683544304,0.08755274261603375,-4.990265486725669,0,1,1,9.774486,4.7136397
RS0196,RSUD Harapan Bangsa 1,Sulawesi Tenggara,Kab. Sumberjaya,C,Pemerintah Daerah,91.0,16,347,80.1,5.1,1171,Ya,Ya,30.1,71.0,5,4.0,83.5,59.4,Sulawesi,Barat_Tengah,2.7740863787375414,3.3746397694524495,0.054945054945054944,0.06063193851409052,-25.190265486725664,1,1,1,4.8885245,3.887669
RS0197,RS Husada Mulia 2,Sulawesi Tenggara,Kab. Mekarsari,B,Pemerintah Pusat,242.0,22,663,61.3,3.7,3655,Ya,Ya,50.7,112.0,19,2.0,45.9,64.5,Sulawesi,Barat_Tengah,0.9053254437869822,5.512820512820513,0.07851239669421488,0.03064295485636115,-14.699999999999989,0,1,1,8.922963,6.610464
RS0198,RS Graha Sehat 3,Sulawesi Tenggara,Kab. Bukitraya,C,Tni/Polri,95.0,11,293,74.1,3.9,965,Ya,Ya,48.6,49.0,2,5.0,127.9,32.4,Sulawesi,Barat_Tengah,2.6316872427983538,3.2935153583617747,0.021052631578947368,0.05077720207253886,-6.690265486725664,0,1,1,6.069431,3.2255538
RS0199,RSUD Sentosa Medika 4,Sulawesi Tenggara,Kab. Muarabaru,B,Pemerintah Daerah,290.0,19,652,57.7,3.4,2174,Ya,Ya,53.8,82.0,36,6.0,99.2,53.3,Sulawesi,Barat_Tengah,1.8438661710037176,3.334355828220859,0.12413793103448276,0.03771849126034959,-11.599999999999994,0,1,1,10.357331,6.379015
RS0200,RSUD Permata Bunda 5,Sulawesi Tenggara,Kota Sidomulyo,B,Pemerintah Daerah,208.0,20,813,66.0,8.7,2667,Ya,Ya,35.3,106.0,27,1.0,91.1,81.1,Sulawesi,Barat_Tengah,2.5807365439093486,3.2804428044280445,0.12980769230769232,0.03974503187101612,-30.099999999999994,1,1,1,5.173905,5.005923
RS0201,RS Permata Bunda 6,Sulawesi Tenggara,Kota Bukitraya,C,Swasta,68.0,12,344,49.4,4.9,1037,Ya,Ya,43.3,90.0,43,4.0,64.6,55.9,Sulawesi,Barat_Tengah,1.491916859122402,3.01453488372093,0.6323529411764706,0.08678881388621022,-11.990265486725669,0,1,1,9.778723,6.7018995
RS0202,RS Bhakti Husada 7,Sulawesi Tenggara,Kota Sumberjaya,D,Swasta,75.0,7,182,57.0,5.8,466,Tidak,Tidak,19.6,0.0,11,2.0,5.0,105.3,Sulawesi,Barat_Tengah,0.25510204081632654,2.5604395604395602,0.14666666666666667,0.0,-30.886486486486483,1,0,1,9.05386,7.122579
RS0203,RS Sentosa Medika 8,Sulawesi Tenggara,Kota Cempaka,B,Tni/Polri,179.0,25,843,56.7,1.6,3264,Ya,Ya,57.5,133.0,18,0.0,131.5,72.7,Sulawesi,Barat_Tengah,2.2869565217391306,3.8718861209964412,0.1005586592178771,0.040747549019607844,-7.8999999999999915,0,1,1,10.522334,6.842856
RS0204,RS Citra Medika 1,Gorontalo,Kab. Mekarsari,B,Swasta,201.0,25,659,75.6,8.5,1614,Ya,Ya,44.1,151.0,47,3.0,137.8,57.9,Sulawesi,Barat_Tengah,3.124716553287982,2.449165402124431,0.23383084577114427,0.09355638166047088,-21.29999999999999,0,1,1,5.0355186,3.3177376
RS0205,RS Sentosa Medika 2,Gorontalo,Kota Sidomulyo,A,Swasta,490.0,31,1050,53.3,3.2,7011,Ya,Ya,72.7,117.0,49,5.0,129.7,43.9,Sulawesi,Barat_Tengah,1.7840440165061895,6.677142857142857,0.1,0.01668806161745828,11.53125,0,0,1,9.045031,5.075998
RS0206,RSUD Harapan Bangsa 3,Gorontalo,Kab. Girisari,D,Pemerintah Daerah,55.0,6,148,83.7,3.6,604,Ya,Ya,18.9,0.0,26,1.0,61.4,48.8,Sulawesi,Barat_Tengah,3.248677248677249,4.081081081081081,0.4727272727272727,0.0,-31.586486486486486,0,1,1,4.906806,3.2684822
RS0207,RSUD Sejahtera 4,Gorontalo,Kota Sukajadi,C,Pemerintah Daerah,114.0,12,222,79.2,3.6,1534,Ya,Ya,63.8,93.0,23,8.0,71.4,28.4,Sulawesi,Barat_Tengah,1.1191222570532917,6.90990990990991,0.20175438596491227,0.060625814863103,8.509734513274331,0,0,1,9.35558,4.7889147
RS0208,RS Karya Insani 5,Gorontalo,Kab. Wonorejo,B,Swasta,195.0,23,465,59.7,4.2,3050,Ya,Ya,47.0,168.0,11,6.0,86.6,90.4,Sulawesi,Barat_Tengah,1.8425531914893616,6.559139784946237,0.05641025641025641,0.05508196721311476,-18.39999999999999,0,1,1,7.7180324,6.237454
RS0209,RS Sejahtera 6,Gorontalo,Kab. Mekarsari,A,Swasta,403.0,35,1278,69.6,3.0,4553,Ya,Ya,52.6,74.0,17,4.0,77.3,56.0,Sulawesi,Barat_Tengah,1.4695817490494296,3.5625978090766823,0.04218362282878412,0.016253019986821875,-8.568750000000001,0,1,1,9.157654,6.12762
RS0210,RSUD Karya Insani 7,Gorontalo,Kab. Bukitraya,D,Pemerintah Daerah,42.0,7,218,66.9,3.6,571,Ya,Ya,18.0,0.0,12,0.0,80.5,40.8,Sulawesi,Barat_Tengah,4.472222222222222,2.6192660550458715,0.2857142857142857,0.0,-32.486486486486484,0,1,1,4.465231,2.9814963
RS0211,RS Husada Mulia 8,Gorontalo,Kab. Sukajadi,D,Swasta,57.0,9,154,72.9,4.6,511,Tidak,Tidak,15.6,0.0,5,1.0,97.0,15.8,Sulawesi,Barat_Tengah,6.217948717948718,3.3181818181818183,0.08771929824561403,0.0,-34.88648648648648,0,0,1,4.611634,2.7347717
RS0212,RS Bhakti Husada 9,Gorontalo,Kota Girisari,B,Tni/Polri,212.0,19,339,72.4,4.8,2380,Ya,Ya,30.1,191.0,16,0.0,122.8,46.9,Sulawesi,Barat_Tengah,4.079734219269103,7.020648967551622,0.07547169811320754,0.08025210084033614,-35.29999999999999,0,1,1,4.8075223,2.8698409
RS0213,RS Bunda Kasih 1,Sulawesi Barat,Kab. Girisari,C,Swasta,125.0,11,240,50.3,4.1,1301,Tidak,Tidak,25.1,0.0,19,1.0,39.8,87.2,Sulawesi,Barat_Tengah,1.585657370517928,5.420833333333333,0.152,0.0,-30.190265486725664,1,0,1,8.067355,6.6775427
RS0214,RSUD Graha Sehat 2,Sulawesi Barat,Kota Tanjungsari,D,Pemerintah Daerah,59.0,8,179,73.1,6.0,924,Ya,Ya,28.1,0.0,14,5.0,78.4,26.7,Sulawesi,Barat_Tengah,2.790035587188612,5.162011173184357,0.23728813559322035,0.0,-22.386486486486483,0,1,1,5.9495773,3.8415897
RS0215,RSUD Bunda Kasih 3,Sulawesi Barat,Kota Sumberjaya,C,Pemerintah Daerah,78.0,16,240,48.4,2.9,515,Ya,Ya,37.3,124.0,26,2.0,107.5,51.2,Sulawesi,Barat_Tengah,2.8820375335120647,2.1458333333333335,0.3333333333333333,0.2407766990291262,-17.99026548672567,0,1,0,6.045514,2.6174738
RS0216,RSUD Permata Bunda 4,Sulawesi Barat,Kab. Sukamaju,D,Pemerintah Daerah,60.0,9,172,64.3,3.5,653,Ya,Ya,19.2,0.0,10,7.0,39.1,57.2,Sulawesi,Barat_Tengah,2.0364583333333335,3.796511627906977,0.16666666666666666,0.0,-31.286486486486485,0,1,1,5.847402,4.858867
RS0217,RS Karya Insani 5,Sulawesi Barat,Kota Sumberjaya,A,Swasta,398.0,31,1403,78.6,4.7,5691,Ya,Ya,41.6,91.0,18,4.0,81.9,59.1,Sulawesi,Barat_Tengah,1.96875,4.056307911617962,0.04522613065326633,0.015990159901599015,-19.56875,1,1,1,7.9194927,5.790348
RS0218,RS Sentosa Medika 6,Sulawesi Barat,Kota Mekarsari,C,Tni/Polri,88.0,14,269,61.0,2.3,1089,Ya,Ya,62.6,143.0,38,0.0,138.8,59.0,Sulawesi,Barat_Tengah,2.2172523961661343,4.048327137546468,0.4318181818181818,0.13131313131313133,7.309734513274336,0,0,1,11.272129,5.875919
RS0219,RS Harapan Bangsa 7,Sulawesi Barat,Kab. Wonorejo,D,Swasta,46.0,9,143,64.0,1.9,686,Ya,Ya,27.6,0.0,24,4.0,65.7,34.2,Sulawesi,Barat_Tengah,2.380434782608696,4.7972027972027975,0.5217391304347826,0.0,-22.886486486486483,0,1,1,6.0293517,4.1869135
RS0220,RSUD Sejahtera 8,Sulawesi Barat,Kab. Wonorejo,B,Pemerintah Daerah,154.0,22,564,72.2,2.8,2701,Ya,Ya,36.1,111.0,15,4.0,62.2,57.8,Sulawesi,Barat_Tengah,1.7229916897506925,4.789007092198582,0.09740259740259741,0.0410958904109589,-29.29999999999999,0,1,1,8.365485,5.95192
RS0221,RS Permata Bunda 9,Sulawesi Barat,Kota Muarabaru,C,Swasta,39.0,11,378,73.0,4.8,474,Ya,Ya,26.5,0.0,21,6.0,108.3,68.6,Sulawesi,Barat_Tengah,4.086792452830188,1.253968253968254,0.5384615384615384,0.0,-28.790265486725666,1,1,1,4.4304895,3.161231
RS0222,RSUD Husada Mulia 1,Nusa Tenggara Barat,Kab. Sukamaju,A,Pemerintah Daerah,411.0,33,957,55.4,1.5,6416,Ya,Ya,59.2,173.0,31,7.0,135.7,37.2,Indonesia Timur,Timur,2.2922297297297294,6.704284221525601,0.07542579075425791,0.026963840399002494,-1.96875,0,0,1,7.3057594,3.8803544
RS0223,RS Permata Bunda 2,Nusa Tenggara Barat,Kab. Mekarsari,C,Pemerintah Pusat,111.0,17,393,78.6,5.3,1772,Ya,Ya,20.1,0.0,21,2.0,48.9,81.6,Indonesia Timur,Timur,2.432835820895522,4.5089058524173025,0.1891891891891892,0.0,-35.190265486725664,1,1,1,5.5268445,5.409047
RS0224,RS Karya Insani 3,Nusa Tenggara Barat,Kab. Sukamaju,C,Swasta,118.0,16,310,58.7,3.5,681,Ya,Ya,23.2,0.0,18,6.0,51.2,36.8,Indonesia Timur,Timur,2.206896551724138,2.196774193548387,0.15254237288135594,0.0,-32.09026548672567,0,1,1,5.789268,4.5196843
RS0225,RS Harapan Bangsa 4,Nusa Tenggara Barat,Kab. Mekarsari,D,Swasta,59.0,5,199,72.4,2.6,607,Ya,Ya,35.4,29.0,11,1.0,54.3,43.2,Indonesia Timur,Timur,1.5338983050847457,3.050251256281407,0.1864406779661017,0.047775947281713346,-15.086486486486486,0,1,1,8.886347,5.7952137
RS0226,RS Harapan Bangsa 5,Nusa Tenggara Barat,Kab. Sidomulyo,C,Bumn,146.0,14,321,66.8,3.1,1138,Ya,Ya,43.2,98.0,21,2.0,101.4,31.0,Indonesia Timur,Timur,2.3472222222222223,3.545171339563863,0.14383561643835616,0.08611599297012303,-12.090265486725663,0,1,1,7.495452,2.455132
RS0227,RSUD Husada Mulia 6,Nusa Tenggara Barat,Kota Muarabaru,B,Pemerintah Daerah,181.0,20,828,86.5,4.7,1518,Ya,Ya,57.1,168.0,45,5.0,129.7,23.1,Indonesia Timur,Timur,2.2714535901926443,1.8333333333333333,0.24861878453038674,0.11067193675889328,-8.29999999999999,0,1,1,9.167174,2.44966
RS0228,RS Permata Bunda 7,Nusa Tenggara Barat,Kota Sumberjaya,D,Swasta,50.0,8,115,66.3,4.7,590,Ya,Ya,9.0,0.0,7,2.0,17.6,83.4,Indonesia Timur,Timur,1.9555555555555557,5.130434782608695,0.14,0.0,-41.486486486486484,1,1,1,5.970232,5.420221
RS0229,RS Karya Insani 8,Nusa Tenggara Barat,Kota Sukajadi,C,Swasta,65.0,13,340,90.9,5.3,998,Ya,Ya,43.9,112.0,45,2.0,84.5,52.7,Indonesia Timur,Timur,1.9248291571753986,2.9352941176470586,0.6923076923076923,0.11222444889779559,-11.390265486725667,0,1,1,9.137977,1.9701372
RS0230,RSUD Permata Bunda 1,Nusa Tenggara Timur,Kab. Sukajadi,B,Pemerintah Daerah,233.0,21,541,57.1,5.4,2829,Ya,Ya,31.2,48.0,0,2.0,76.1,48.7,Indonesia Timur,Timur,2.439102564102564,5.22920517560074,0.0,0.016967126193001062,-34.19999999999999,0,1,1,5.862572,4.334447
RS0231,RS Bhakti Husada 2,Nusa Tenggara Timur,Kab. Sukajadi,B,Swasta,233.0,20,474,80.0,2.9,3290,Ya,Ya,31.3,99.0,28,1.0,80.5,111.2,Indonesia Timur,Timur,2.571884984025559,6.940928270042194,0.12017167381974249,0.030091185410334346,-34.099999999999994,1,1,1,5.473965,5.775631
RS0232,RS Citra Medika 3,Nusa Tenggara Timur,Kota Tanjungsari,B,Swasta,165.0,21,469,49.7,4.1,2396,Ya,Tidak,68.4,124.0,36,6.0,121.9,65.6,Indonesia Timur,Timur,1.7821637426900585,5.108742004264393,0.21818181818181817,0.05175292153589316,3.000000000000014,0,0,1,9.996882,6.0365996
RS0233,RSUD Sejahtera 4,Nusa Tenggara Timur,Kota Sukajadi,B,Pemerintah Daerah,147.0,23,945,61.7,3.6,1844,Ya,Ya,54.1,129.0,39,5.0,138.6,56.9,Indonesia Timur,Timur,2.5619223659889094,1.9513227513227513,0.2653061224489796,0.06995661605206074,-11.29999999999999,0,1,1,5.0547137,4.169754
RS0234,RS Sentosa Medika 5,Nusa Tenggara Timur,Kab. Sidomulyo,D,Pemerintah Pusat,89.0,6,155,76.1,2.4,714,Ya,Ya,35.1,69.0,0,7.0,79.5,82.1,Indonesia Timur,Timur,2.264957264957265,4.606451612903226,0.0,0.09663865546218488,-15.386486486486483,1,1,1,6.2136216,6.149623
RS0235,RS Permata Bunda 6,Nusa Tenggara Timur,Kab. Tanjungsari,C,Swasta,112.0,16,215,53.7,5.8,1174,Ya,Tidak,19.6,0.0,0,0.0,5.0,38.1,Indonesia Timur,Timur,0.25510204081632654,5.46046511627907,0.0,0.0,-35.690265486725664,0,1,1,8.907661,6.876716
RS0236,RSUD Harapan Bangsa 7,Nusa Tenggara Timur,Kab. Sukamaju,B,Pemerintah Daerah,269.0,21,418,60.6,3.9,3162,Ya,Ya,46.3,106.0,35,1.0,87.3,62.1,Indonesia Timur,Timur,1.8855291576673867,7.564593301435407,0.13011152416356878,0.033523086654016446,-19.099999999999994,0,1,1,7.8744197,5.7886224
RS0237,RSUD Karya Insani 8,Nusa Tenggara Timur,Kota Tanjungsari,C,Pemerintah Daerah,110.0,12,281,76.1,4.9,1038,Ya,Ya,21.4,0.0,5,1.0,81.9,63.0,Indonesia Timur,Timur,3.827102803738318,3.693950177935943,0.045454545454545456,0.0,-33.89026548672567,1,1,1,4.405517,3.230266
RS0238,RSUD Husada Mulia 9,Nusa Tenggara Timur,Kota Karangasem,B,Pemerintah Daerah,232.0,24,616,72.3,3.6,3484,Ya,Ya,62.5,163.0,28,6.0,163.9,43.6,Indonesia Timur,Timur,2.6224000000000003,5.6558441558441555,0.1206896551724138,0.046785304247990815,-2.8999999999999915,0,0,1,6.543029,3.5307956
RS0239,RS Bhakti Husada 1,Maluku,Kota Karangasem,C,Pemerintah Pusat,91.0,16,261,63.3,5.3,833,Ya,Ya,51.0,99.0,20,4.0,136.1,18.8,Indonesia Timur,Timur,2.668627450980392,3.1915708812260535,0.21978021978021978,0.11884753901560624,-4.290265486725666,0,1,1,6.991055,2.4783046
RS0240,RS Sejahtera 2,Maluku,Kota Girisari,B,Swasta,302.0,22,606,60.7,3.9,4569,Ya,Ya,70.2,188.0,52,3.0,155.7,78.2,Indonesia Timur,Timur,2.2179487179487176,7.53960396039604,0.17218543046357615,0.041146859268986646,4.800000000000011,0,0,1,7.2470245,5.607686
RS0241,RSUD Karya Insani 3,Maluku,Kota Mekarsari,C,Pemerintah Daerah,145.0,17,254,58.7,5.0,1215,Ya,Ya,12.5,0.0,0,3.0,19.9,47.6,Indonesia Timur,Timur,1.5919999999999999,4.783464566929134,0.0,0.0,-42.790265486725666,0,1,1,8.266664,6.5389647
RS0242,RS Cahaya Medika 4,Maluku,Kota Bukitraya,D,Pemerintah Pusat,55.0,10,151,76.2,4.5,940,Tidak,Tidak,49.8,198.0,38,6.0,91.9,18.8,Indonesia Timur,Timur,1.845381526104418,6.225165562913907,0.6909090909090909,0.21063829787234042,-0.686486486486487,0,0,1,10.85983,2.648095
RS0243,RSUD Karya Insani 5,Maluku,Kab. Sumberjaya,B,Pemerintah Daerah,192.0,24,358,63.8,3.3,2560,Ya,Tidak,38.1,94.0,13,1.0,82.1,19.8,Indonesia Timur,Timur,2.1548556430446193,7.150837988826815,0.06770833333333333,0.03671875,-27.29999999999999,0,1,1,7.516589,3.7225852
RS0244,RS Cahaya Medika 6,Maluku,Kota Sumberjaya,B,Tni/Polri,236.0,21,389,62.4,2.8,2365,Ya,Ya,69.4,122.0,53,4.0,172.3,38.3,Indonesia Timur,Timur,2.4827089337175794,6.079691516709511,0.2245762711864407,0.051585623678646934,4.000000000000014,0,0,1,6.970568,3.5646527
RS0245,RS Sejahtera 7,Maluku,Kab. Cempaka,B,Swasta,283.0,21,664,42.7,1.5,4536,Ya,Ya,60.2,85.0,52,3.0,137.8,22.9,Indonesia Timur,Timur,2.2890365448504983,6.831325301204819,0.18374558303886926,0.018738977072310405,-5.199999999999989,0,0,1,7.6893578,3.6400273
RS0246,RS Bunda Kasih 1,Maluku Utara,Kota Sukamaju,C,Swasta,152.0,12,288,63.9,4.7,2247,Ya,Ya,37.8,86.0,33,1.0,82.5,38.2,Indonesia Timur,Timur,2.182539682539683,7.802083333333333,0.21710526315789475,0.03827325322652426,-17.49026548672567,0,1,1,7.3991704,4.2277904
RS0247,RS Sejahtera 2,Maluku Utara,Kab. Sukajadi,B,Swasta,204.0,25,564,86.3,2.9,1894,Ya,Ya,51.8,70.0,21,4.0,131.0,87.5,Indonesia Timur,Timur,2.528957528957529,3.358156028368794,0.10294117647058823,0.03695881731784583,-13.599999999999994,0,1,1,5.955121,6.0900593
RS0248,RS Medika Utama 3,Maluku Utara,Kota Karangasem,D,Pemerintah Pusat,67.0,7,181,80.5,3.7,1113,Ya,Ya,68.4,156.0,37,5.0,122.6,37.3,Indonesia Timur,Timur,1.7923976608187133,6.149171270718232,0.5522388059701493,0.14016172506738545,17.91351351351352,0,0,1,10.14151,2.7070553
RS0249,RS Citra Medika 4,Maluku Utara,Kota Mekarsari,C,Swasta,137.0,11,318,88.7,4.8,1764,Ya,Ya,28.1,0.0,13,2.0,57.8,56.8,Indonesia Timur,Timur,2.0569395017793592,5.547169811320755,0.0948905109489051,0.0,-27.190265486725664,0,1,1,6.759416,5.0877247
RS0250,RS Cahaya Medika 5,Maluku Utara,Kota Sukajadi,D,Swasta,51.0,9,170,90.2,3.2,638,Ya,Ya,36.5,47.0,20,0.0,88.4,84.8,Indonesia Timur,Timur,2.4219178082191783,3.7529411764705882,0.39215686274509803,0.07366771159874608,-13.986486486486484,1,1,1,5.7481103,6.1946354
RS0251,RS Cahaya Medika 6,Maluku Utara,Kota Sumberjaya,C,Swasta,93.0,16,386,55.3,3.3,1028,Tidak,Tidak,29.3,0.0,3,6.0,77.1,75.1,Indonesia Timur,Timur,2.631399317406143,2.6632124352331608,0.03225806451612903,0.0,-25.990265486725665,1,0,1,5.126498,4.7473416
RS0252,RS Husada Mulia 1,Papua,Kota Girisari,C,Swasta,91.0,16,281,76.6,4.2,1035,Ya,Ya,57.5,132.0,63,2.0,129.2,47.0,Indonesia Timur,Timur,2.24695652173913,3.683274021352313,0.6923076923076923,0.12753623188405797,2.2097345132743342,0,1,1,8.778137,2.1592753
RS0253,RS Citra Medika 2,Papua,Kab. Sukamaju,A,Tni/Polri,498.0,34,927,54.0,3.7,6634,Ya,Ya,44.6,97.0,11,3.0,63.5,64.2,Indonesia Timur,Timur,1.4237668161434978,7.156418554476807,0.02208835341365462,0.014621646065722037,-16.56875,0,1,1,8.439976,6.4599133
RS0254,RS Bhakti Husada 3,Papua,Kota Mekarsari,C,Swasta,98.0,15,333,73.1,3.8,1207,Ya,Ya,46.4,148.0,22,4.5,96.7,37.9,Indonesia Timur,Timur,2.084051724137931,3.6246246246246248,0.22448979591836735,0.12261806130903065,-8.890265486725667,0,1,1,8.564606,2.404802
RS0255,RS Husada Mulia 4,Papua,Kota Sidomulyo,C,Swasta,93.0,14,239,55.7,4.1,1624,Ya,Ya,49.9,183.0,45,6.0,115.9,77.1,Indonesia Timur,Timur,2.3226452905811623,6.794979079497908,0.4838709677419355,0.11268472906403941,-5.390265486725667,0,1,1,7.27264,6.0232773
RS0256,RS Graha Sehat 5,Papua,Kota Sukajadi,B,Swasta,151.0,23,562,80.2,5.6,2264,Ya,Tidak,58.6,151.0,35,6.0,106.7,31.3,Indonesia Timur,Timur,1.8208191126279865,4.02846975088968,0.23178807947019867,0.06669611307420495,-6.79999999999999,0,0,1,9.260339,3.5136602
RS0257,RSUD Sejahtera 6,Papua,Kab. Bukitraya,B,Pemerintah Daerah,195.0,20,447,55.4,4.6,2277,Ya,Ya,32.1,74.0,20,6.0,118.1,83.0,Indonesia Timur,Timur,3.6791277258566977,5.093959731543624,0.10256410256410256,0.032498902064119456,-33.29999999999999,1,1,1,4.5941043,3.647377
RS0258,RSUD Cahaya Medika 7,Papua,Kab. Girisari,D,Pemerintah Daerah,65.0,9,158,74.9,4.0,783,Ya,Ya,46.7,123.0,40,2.0,78.2,63.8,Indonesia Timur,Timur,1.6745182012847966,4.955696202531645,0.6153846153846154,0.15708812260536398,-3.7864864864864813,0,1,1,7.815849,6.548612
RS0259,RS Bhakti Husada 8,Papua,Kota Karangasem,D,Bumn,70.0,9,133,91.6,5.6,795,Ya,Ya,36.3,80.0,25,4.0,92.9,70.1,Indonesia Timur,Timur,2.5592286501377415,5.977443609022556,0.35714285714285715,0.10062893081761007,-14.186486486486487,1,1,1,5.7668567,5.679159
RS0260,RS Permata Bunda 1,Papua Barat,Kab. Muarabaru,A,Swasta,412.0,29,903,56.4,4.2,3123,Tidak,Tidak,43.6,96.0,11,4.0,123.3,48.6,Indonesia Timur,Timur,2.8279816513761467,3.4584717607973423,0.02669902912621359,0.03073967339097022,-17.56875,0,0,1,5.2475133,4.025412
RS0261,RS Husada Mulia 2,Papua Barat,Kota Cempaka,D,Tni/Polri,88.0,7,159,69.1,5.4,1121,Ya,Ya,57.9,160.0,30,4.0,108.7,39.7,Indonesia Timur,Timur,1.8773747841105355,7.050314465408805,0.3409090909090909,0.14272970561998216,7.413513513513514,0,0,1,8.447758,4.2268167
RS0262,RS Husada Mulia 3,Papua Barat,Kab. Cempaka,D,Swasta,65.0,8,186,56.4,4.6,1058,Ya,Ya,12.5,0.0,17,0.0,5.0,84.1,Indonesia Timur,Timur,0.4,5.688172043010753,0.26153846153846155,0.0,-37.986486486486484,1,1,1,8.795159,7.1432924
RS0263,RS Sentosa Medika 4,Papua Barat,Kota Sumberjaya,C,Swasta,80.0,13,371,87.1,2.1,1249,Ya,Ya,54.2,198.0,46,3.0,140.7,40.9,Indonesia Timur,Timur,2.5959409594095937,3.3665768194070083,0.575,0.15852682145716573,-1.090265486725663,0,1,1,8.724194,1.854821
RS0264,RSUD Medika Utama 5,Papua Barat,Kota Mekarsari,B,Pemerintah Daerah,217.0,23,481,58.6,3.4,3428,Ya,Tidak,36.4,43.0,6,5.0,62.1,61.9,Indonesia Timur,Timur,1.7060439560439562,7.126819126819127,0.027649769585253458,0.012543757292882146,-28.999999999999993,1,1,1,8.126436,6.2486906
RS0265,RS Harapan Bangsa 6,Papua Barat,Kota Wonorejo,C,Swasta,154.0,11,234,42.0,5.9,2122,Ya,Ya,37.5,58.0,19,2.0,101.8,63.0,Indonesia Timur,Timur,2.7146666666666666,9.068376068376068,0.12337662337662338,0.027332704995287466,-17.790265486725666,1,1,1,6.863894,4.569785
RS0266,RS Bunda Kasih 7,Papua Barat,Kab. Tanjungsari,A,Swasta,448.0,35,1437,76.9,5.4,6862,Ya,Tidak,58.2,205.0,39,2.0,123.3,34.0,Indonesia Timur,Timur,2.118556701030928,4.775226165622826,0.08705357142857142,0.02987467210725736,-2.96875,0,0,1,9.080937,3.5565634
RS0267,RSUD Sejahtera 8,Papua Barat,Kab. Karangasem,C,Pemerintah Daerah,177.0,16,218,59.6,5.0,1842,Ya,Ya,27.9,0.0,4,4.0,79.0,45.4,Indonesia Timur,Timur,2.831541218637993,8.44954128440367,0.022598870056497175,0.0,-27.390265486725667,0,1,1,6.8965306,4.516914
RS0268,RS Bhakti Husada 1,Papua Tengah,Kab. Sumberjaya,B,Swasta,168.0,20,373,69.0,6.1,1874,Ya,Ya,52.0,175.0,28,3.0,103.4,60.4,Indonesia Timur,Timur,1.9884615384615385,5.024128686327078,0.16666666666666666,0.09338313767342583,-13.399999999999991,0,1,1,7.8945355,5.9566007
RS0269,RS Graha Sehat 2,Papua Tengah,Kab. Muarabaru,B,Tni/Polri,211.0,22,707,37.1,4.9,2766,Ya,Ya,42.8,122.0,38,1.0,74.7,57.4,Indonesia Timur,Timur,1.7453271028037385,3.912305516265912,0.18009478672985782,0.044107013738250184,-22.599999999999994,0,1,1,10.006188,6.973009
RS0270,RS Graha Sehat 3,Papua Tengah,Kab. Wonorejo,B,Swasta,311.0,25,808,59.9,2.5,4686,Ya,Ya,31.9,36.0,25,3.0,89.8,103.6,Indonesia Timur,Timur,2.815047021943574,5.7995049504950495,0.08038585209003216,0.0076824583866837385,-33.49999999999999,1,1,1,5.264298,5.401581
RS0271,RS Harapan Bangsa 4,Papua Tengah,Kab. Tanjungsari,D,Swasta,67.0,11,104,56.2,5.5,761,Ya,Tidak,32.7,119.0,21,3.0,67.1,83.6,Indonesia Timur,Timur,2.0519877675840976,7.3173076923076925,0.31343283582089554,0.15637319316688567,-17.78648648648648,1,1,1,7.47928,6.113886
RS0272,RSUD Graha Sehat 5,Papua Tengah,Kota Bukitraya,B,Pemerintah Daerah,188.0,25,480,63.3,6.4,2736,Ya,Ya,46.9,166.0,20,2.0,111.7,49.7,Indonesia Timur,Timur,2.3816631130063968,5.7,0.10638297872340426,0.06067251461988304,-18.499999999999993,0,1,1,6.736705,4.0396295
RS0273,RS Husada Mulia 6,Papua Tengah,Kota Sukamaju,C,Swasta,123.0,14,406,66.6,4.2,1804,Tidak,Tidak,28.3,0.0,31,2.0,68.3,58.9,Indonesia Timur,Timur,2.4134275618374557,4.443349753694581,0.25203252032520324,0.0,-26.990265486725665,0,0,1,5.468945,4.6992865
RS0274,RS Sejahtera 2,Maluku,Kota Girisari,B,Swasta,302.0,22,606,60.7,3.9,4569,Ya,Ya,70.2,188.0,52,3.0,155.7,78.2,Indonesia Timur,Timur,2.2179487179487176,7.53960396039604,0.17218543046357615,0.041146859268986646,4.800000000000011,0,0,1,7.228021,5.843424
RS0275,RS Sejahtera 2,Riau,Kota Muarabaru,D,Swasta,66.0,11,187,43.5,4.3,492,Ya,Ya,54.4,216.0,16,3.0,113.8,52.7,Sumatera,Barat_Tengah,2.0919117647058822,2.6310160427807485,0.24242424242424243,0.43902439024390244,3.9135135135135144,0,1,0,13.096103,4.3525596
RS0276,RSUD Husada Mulia 1,Nusa Tenggara Barat,Kab. Sukamaju,A,Pemerintah Daerah,411.0,33,957,55.4,1.5,6416,Ya,Ya,59.2,173.0,31,7.0,135.7,37.2,Indonesia Timur,Timur,2.2922297297297294,6.704284221525601,0.07542579075425791,0.026963840399002494,-1.96875,0,0,1,7.4790435,3.8331308
